2025-08-18 11:15:09,669 - INFO - Starting full pipeline for all compounds
2025-08-18 11:15:09,669 - INFO - Processing compound nonylphenol
2025-08-18 11:15:09,669 - INFO - Starting pipeline for compound: nonylphenol
2025-08-18 11:15:09,669 - INFO - Running Step 01 for compound: nonylphenol
2025-08-18 11:15:56,755 - INFO - Step 01 completed for nonylphenol
2025-08-18 11:15:56,755 - INFO - Running Step 02 for compound: nonylphenol
2025-08-18 11:25:04,800 - INFO - Step 01 completed successfully for nonylphenol
2025-08-18 12:12:12,441 - INFO - Step 02 completed successfully for nonylphenol
2025-08-18 13:52:27,251 - INFO - Step 03 completed successfully for nonylphenol
2025-08-18 13:53:02,500 - INFO - Step 04 completed successfully for nonylphenol
2025-08-18 13:53:02,501 - INFO - Pipeline completed for nonylphenol
2025-10-02 23:38:07,821 - INFO - Step 01 completed successfully for nonylphenol
2025-10-02 23:59:32,599 - ERROR - Step 02 failed for nonylphenol with return code 3221225786
2025-10-03 00:28:55,746 - ERROR - Step 01 failed for nonylphenol with return code 3221225786
2025-10-03 00:31:02,580 - INFO - Step 01 completed successfully for nonylphenol
2025-10-03 02:08:46,536 - INFO - Step 02 completed successfully for nonylphenol
2025-10-03 02:08:47,013 - ERROR - Step 03 failed for nonylphenol with return code 1
2025-10-03 02:08:47,013 - WARNING - Step 03 failed for nonylphenol, skipping remaining steps
2025-10-03 02:24:52,984 - INFO - Step 01 completed successfully for nonylphenol
2025-10-03 02:25:18,283 - ERROR - Step 02 failed for nonylphenol with return code 3221225786
2025-10-03 02:36:27,777 - INFO - Step 01 completed successfully for nonylphenol
2025-10-03 04:14:22,033 - INFO - Step 02 completed successfully for nonylphenol
2025-10-03 05:36:27,925 - INFO - Step 03 completed successfully for nonylphenol
2025-10-03 05:36:56,029 - INFO - Step 04 completed successfully for nonylphenol
2025-10-03 05:36:56,030 - INFO - Pipeline completed for nonylphenol
2025-10-03 09:32:39,713 - INFO - Step 01 completed successfully for nonylphenol
2025-10-03 09:38:18,815 - ERROR - Step 02 failed for nonylphenol with return code 3221225786
2025-10-03 09:45:01,485 - INFO - Step 01 completed successfully for nonylphenol
2025-10-03 09:58:48,533 - INFO - Step 02 completed successfully for nonylphenol
2025-10-03 10:33:17,548 - INFO - Step 03 completed successfully for nonylphenol
2025-10-03 10:33:25,254 - INFO - Step 04 completed successfully for nonylphenol
2025-10-03 10:33:25,255 - INFO - Pipeline completed for nonylphenol
2025-10-03 22:34:25,610 - INFO - Step 01 completed successfully for nonylphenol
2025-10-04 00:13:12,653 - INFO - Step 02 completed successfully for nonylphenol
2025-10-04 01:37:34,280 - INFO - Step 03 completed successfully for nonylphenol
2025-10-04 01:37:57,803 - INFO - Step 04 completed successfully for nonylphenol
2025-10-04 01:37:57,804 - INFO - Pipeline completed for nonylphenol
2025-10-12 21:52:45,856 - INFO - Step 01 completed successfully for nonylphenol
2025-10-12 22:15:53,953 - ERROR - Step 02 failed for nonylphenol with return code 3221225786
2025-10-12 22:21:08,696 - INFO - Step 01 completed successfully for nonylphenol
2025-10-12 22:24:40,013 - ERROR - Step 02 failed for nonylphenol with return code 3221225786
2025-10-12 22:30:10,781 - INFO - Step 01 completed successfully for nonylphenol
2025-10-13 00:05:09,438 - INFO - Step 02 completed successfully for nonylphenol
2025-10-13 01:44:03,508 - ERROR - Step 03 failed for nonylphenol with return code 3221225786
2025-10-13 01:44:40,874 - ERROR - Step 01 failed for nonylphenol with return code 3221225786
2025-10-13 01:45:41,413 - INFO - Step 01 completed successfully for nonylphenol
2025-10-13 01:50:21,217 - ERROR - Step 02 failed for nonylphenol with return code 3221225786
2025-10-13 01:50:36,825 - ERROR - Step 01 failed for nonylphenol with return code 3221225786
2025-10-13 01:51:36,166 - INFO - Step 01 completed successfully for nonylphenol
2025-10-13 01:51:46,303 - ERROR - Step 02 failed for nonylphenol with return code 3221225786
2025-10-13 01:52:40,630 - ERROR - Step 01 failed for nonylphenol with return code 3221225786
2025-10-13 01:54:19,950 - INFO - Step 01 completed successfully for nonylphenol
2025-10-13 01:56:12,461 - INFO - Step 02 completed successfully for nonylphenol
2025-10-13 01:57:24,285 - INFO - Step 03 completed successfully for nonylphenol
2025-10-13 02:01:12,081 - INFO - Step 04 completed successfully for nonylphenol
2025-10-13 02:01:12,083 - INFO - Pipeline completed for nonylphenol
2025-10-13 02:08:58,237 - INFO - Step 01 completed successfully for nonylphenol
2025-10-13 02:10:19,757 - INFO - Step 02 completed successfully for nonylphenol
2025-10-13 02:11:38,544 - INFO - Step 03 completed successfully for nonylphenol
2025-10-13 02:11:39,250 - INFO - Step 04 completed successfully for nonylphenol
2025-10-13 02:11:39,251 - INFO - Pipeline completed for nonylphenol
2025-10-13 02:13:20,160 - INFO - Step 01 completed successfully for nonylphenol
2025-10-13 02:26:40,153 - INFO - Step 02 completed successfully for nonylphenol
2025-10-13 02:39:29,743 - INFO - Step 03 completed successfully for nonylphenol
2025-10-13 02:39:33,536 - INFO - Step 04 completed successfully for nonylphenol
2025-10-13 02:39:33,536 - INFO - Pipeline completed for nonylphenol
2025-10-13 02:47:19,924 - INFO - Step 01 completed successfully for 1,2-dichloroethane
2025-10-13 03:03:55,635 - INFO - Step 02 completed successfully for 1,2-dichloroethane
2025-10-13 03:16:18,466 - INFO - Step 03 completed successfully for 1,2-dichloroethane
2025-10-13 03:16:21,845 - INFO - Step 04 completed successfully for 1,2-dichloroethane
2025-10-13 03:16:21,846 - INFO - Pipeline completed for 1,2-dichloroethane
2025-10-13 03:16:31,432 - INFO - Step 01 completed successfully for ethylbenzene
2025-10-13 03:18:41,320 - ERROR - Step 02 failed for ethylbenzene with return code 3221225786
2025-10-13 03:20:24,820 - INFO - Step 01 completed successfully for 1,2-dichloroethane
2025-10-13 05:03:18,992 - INFO - Step 02 completed successfully for 1,2-dichloroethane
2025-10-13 06:19:24,952 - INFO - Step 03 completed successfully for 1,2-dichloroethane
2025-10-13 06:19:35,486 - INFO - Step 04 completed successfully for 1,2-dichloroethane
2025-10-13 06:19:35,486 - INFO - Pipeline completed for 1,2-dichloroethane
2025-10-13 06:21:04,646 - INFO - Step 01 completed successfully for ethylbenzene
2025-10-13 08:39:20,421 - INFO - Step 02 completed successfully for ethylbenzene
2025-10-13 10:30:09,516 - INFO - Step 03 completed successfully for ethylbenzene
2025-10-13 10:30:26,328 - INFO - Step 04 completed successfully for ethylbenzene
2025-10-13 10:30:26,329 - INFO - Pipeline completed for ethylbenzene
2025-10-13 10:31:42,879 - INFO - Step 01 completed successfully for butyl acrylate
2025-10-13 12:57:31,308 - INFO - Step 02 completed successfully for butyl acrylate
2025-10-13 15:02:01,028 - INFO - Step 03 completed successfully for butyl acrylate
2025-10-13 15:02:14,900 - INFO - Step 04 completed successfully for butyl acrylate
2025-10-13 15:02:14,900 - INFO - Pipeline completed for butyl acrylate
2025-10-13 15:03:40,368 - INFO - Step 01 completed successfully for acrylonitrile
2025-10-13 15:49:58,410 - ERROR - Step 02 failed for acrylonitrile with return code 3221225786
2025-10-24 01:39:57,978 - INFO - Step 01 completed successfully for 1,2-dichloroethane
2025-10-24 01:46:24,957 - ERROR - Step 01 failed for 1,2-dichloroethane with return code 3221225786
2025-10-24 01:47:59,562 - INFO - Step 01 completed successfully for 1,2-dichloroethane
2025-10-24 01:48:33,906 - ERROR - Step 02 failed for 1,2-dichloroethane with return code 3221225786
2025-10-24 01:52:13,103 - INFO - Step 01 completed successfully for 1,2-dichloroethane
2025-10-24 01:59:02,673 - INFO - Step 02 completed successfully for 1,2-dichloroethane
2025-10-24 18:15:29,728 - ERROR - Step 03 failed for 1,2-dichloroethane with return code 3221225786
2025-10-24 18:20:06,671 - ERROR - Step 01 failed for 1,2-dichloroethane with return code 3221225786
2025-10-24 18:22:38,512 - INFO - Step 01 completed successfully for 1,2-dichloroethane
2025-10-24 18:31:49,413 - INFO - Step 02 completed successfully for 1,2-dichloroethane
2025-10-24 18:40:27,123 - ERROR - Step 03 failed for 1,2-dichloroethane with return code 3221225786
2025-10-24 18:43:35,639 - INFO - Step 01 completed successfully for 1,2-dichloroethane
2025-10-24 18:52:39,796 - INFO - Step 02 completed successfully for 1,2-dichloroethane
2025-10-24 19:04:44,040 - INFO - Step 03 completed successfully for 1,2-dichloroethane
2025-10-24 19:04:55,204 - INFO - Step 04 completed successfully for 1,2-dichloroethane
2025-10-24 19:04:55,204 - INFO - Pipeline completed for 1,2-dichloroethane
2025-10-24 19:05:06,329 - ERROR - Step 01 failed for ethylbenzene with return code 3221225786
2025-10-27 18:01:39,440 - INFO - Step 01 completed successfully for 1,2-dichloroethane
2025-10-27 18:02:03,940 - ERROR - Step 02 failed for 1,2-dichloroethane with return code 3221225786
2025-10-27 18:03:17,364 - INFO - Step 01 completed successfully for 1,2-dichloroethane
2025-10-27 18:03:30,355 - ERROR - Step 02 failed for 1,2-dichloroethane with return code 3221225786
2025-10-27 18:04:30,772 - INFO - Step 01 completed successfully for 1,2-dichloroethane
2025-10-27 18:09:19,437 - ERROR - Step 02 failed for 1,2-dichloroethane with return code 3221225786
2025-10-27 18:17:13,763 - INFO - Step 01 completed successfully for 1,2-dichloroethane
2025-10-27 18:26:12,110 - INFO - Step 02 completed successfully for 1,2-dichloroethane
2025-10-27 18:41:22,061 - INFO - Step 03 completed successfully for 1,2-dichloroethane
2025-10-27 18:42:07,489 - INFO - Step 04 completed successfully for 1,2-dichloroethane
2025-10-27 18:42:07,491 - INFO - Pipeline completed for 1,2-dichloroethane
2025-10-27 18:43:19,048 - ERROR - Step 01 failed for ethylbenzene with return code 3221225786
2025-10-27 18:50:08,797 - INFO - Step 01 completed successfully for 1,2-dichloroethane
2025-10-27 18:50:14,268 - ERROR - Step 02 failed for 1,2-dichloroethane with return code 3221225786
2025-10-27 18:51:11,134 - INFO - Step 01 completed successfully for 1,2-dichloroethane
2025-10-27 18:59:02,580 - INFO - Step 02 completed successfully for 1,2-dichloroethane
2025-10-27 19:08:30,485 - INFO - Step 03 completed successfully for 1,2-dichloroethane
2025-10-27 19:09:05,146 - INFO - Step 04 completed successfully for 1,2-dichloroethane
2025-10-27 19:09:05,148 - INFO - Pipeline completed for 1,2-dichloroethane
2025-10-27 19:10:39,213 - INFO - Step 01 completed successfully for ethylbenzene
2025-10-27 19:21:22,443 - INFO - Step 02 completed successfully for ethylbenzene
2025-10-27 19:35:50,535 - INFO - Step 03 completed successfully for ethylbenzene
2025-10-27 19:36:26,923 - INFO - Step 04 completed successfully for ethylbenzene
2025-10-27 19:36:26,925 - INFO - Pipeline completed for ethylbenzene
2025-10-27 19:37:48,579 - INFO - Step 01 completed successfully for butyl acrylate
2025-10-27 19:48:32,443 - INFO - Step 02 completed successfully for butyl acrylate
2025-10-27 20:03:34,784 - INFO - Step 03 completed successfully for butyl acrylate
2025-10-27 20:04:05,718 - INFO - Step 04 completed successfully for butyl acrylate
2025-10-27 20:04:05,720 - INFO - Pipeline completed for butyl acrylate
2025-10-27 20:05:30,484 - INFO - Step 01 completed successfully for acrylonitrile
2025-10-27 20:16:09,946 - INFO - Step 02 completed successfully for acrylonitrile
2025-10-27 20:32:23,832 - INFO - Step 03 completed successfully for acrylonitrile
2025-10-27 20:33:01,895 - INFO - Step 04 completed successfully for acrylonitrile
2025-10-27 20:33:01,897 - INFO - Pipeline completed for acrylonitrile
2025-10-27 20:33:07,912 - INFO - Step 01 completed successfully for formaldehyde
2025-10-27 20:33:56,283 - INFO - Step 02 completed successfully for formaldehyde
2025-10-27 20:35:22,551 - INFO - Step 03 completed successfully for formaldehyde
2025-10-27 20:36:00,250 - INFO - Step 04 completed successfully for formaldehyde
2025-10-27 20:36:00,253 - INFO - Pipeline completed for formaldehyde
2025-10-27 20:36:51,563 - INFO - Step 01 completed successfully for allyl alcohol
2025-10-27 20:43:54,872 - INFO - Step 02 completed successfully for allyl alcohol
2025-10-27 20:53:52,230 - INFO - Step 03 completed successfully for allyl alcohol
2025-10-27 20:54:15,277 - INFO - Step 04 completed successfully for allyl alcohol
2025-10-27 20:54:15,278 - INFO - Pipeline completed for allyl alcohol
2025-10-27 20:55:34,552 - INFO - Step 01 completed successfully for bisphenol A
2025-10-27 21:05:02,239 - ERROR - Step 02 failed for bisphenol A with return code 3221225786
2025-10-27 21:06:49,387 - ERROR - Step 01 failed for 1,2-dichloroethane with return code 3221225786
2025-10-27 21:07:08,926 - INFO - Step 01 completed successfully for 1,2-dichloroethane
2025-10-27 21:07:13,671 - ERROR - Step 02 failed for 1,2-dichloroethane with return code 3221225786
2025-10-27 21:07:27,391 - ERROR - Step 01 failed for nonylphenol with return code 3221225786
2025-10-27 21:08:58,109 - INFO - Step 01 completed successfully for bisphenol A
2025-10-27 21:18:52,936 - INFO - Step 02 completed successfully for bisphenol A
2025-10-27 21:52:42,292 - INFO - Step 03 completed successfully for bisphenol A
2025-10-27 21:55:50,959 - INFO - Step 04 completed successfully for bisphenol A
2025-10-27 21:55:50,961 - INFO - Pipeline completed for bisphenol A
2025-10-27 21:55:55,539 - INFO - Step 01 completed successfully for cumene
2025-10-27 21:57:02,160 - INFO - Step 02 completed successfully for cumene
2025-10-27 21:59:16,669 - INFO - Step 03 completed successfully for cumene
2025-10-27 21:59:19,779 - INFO - Step 04 completed successfully for cumene
2025-10-27 21:59:19,780 - INFO - Pipeline completed for cumene
2025-10-27 21:59:25,500 - INFO - Step 01 completed successfully for vinyl acetate
2025-10-27 22:00:34,205 - INFO - Step 02 completed successfully for vinyl acetate
2025-10-27 22:00:59,443 - ERROR - Step 03 failed for vinyl acetate with return code 3221225786
2025-10-27 22:01:35,263 - INFO - Step 01 completed successfully for bisphenol A
2025-10-27 22:02:02,172 - ERROR - Step 02 failed for bisphenol A with return code 3221225786
2025-10-27 22:03:51,558 - INFO - Step 01 completed successfully for bisphenol A
2025-10-27 22:12:22,685 - INFO - Step 02 completed successfully for bisphenol A
2025-10-27 22:45:19,088 - INFO - Step 03 completed successfully for bisphenol A
2025-10-27 22:48:45,842 - INFO - Step 04 completed successfully for bisphenol A
2025-10-27 22:48:45,843 - INFO - Pipeline completed for bisphenol A
2025-10-27 22:49:21,801 - INFO - Step 01 completed successfully for cumene
2025-10-27 22:54:18,959 - INFO - Step 02 completed successfully for cumene
2025-10-27 23:04:54,196 - INFO - Step 03 completed successfully for cumene
2025-10-27 23:04:59,674 - INFO - Step 04 completed successfully for cumene
2025-10-27 23:04:59,674 - INFO - Pipeline completed for cumene
2025-10-27 23:06:27,970 - INFO - Step 01 completed successfully for vinyl acetate
2025-10-27 23:15:50,806 - INFO - Step 02 completed successfully for vinyl acetate
2025-10-27 23:42:24,719 - INFO - Step 03 completed successfully for vinyl acetate
2025-10-27 23:43:09,624 - INFO - Step 04 completed successfully for vinyl acetate
2025-10-27 23:43:09,626 - INFO - Pipeline completed for vinyl acetate
2025-10-27 23:44:02,321 - INFO - Step 01 completed successfully for oxirane
2025-10-27 23:51:40,387 - INFO - Step 02 completed successfully for oxirane
2025-10-27 23:55:13,825 - ERROR - Step 03 failed for oxirane with return code 3221225786
2025-10-27 23:55:39,570 - ERROR - Step 01 failed for oxirane with return code 3221225786
2025-10-27 23:56:55,201 - INFO - Step 01 completed successfully for oxirane
2025-10-28 00:04:33,395 - INFO - Step 02 completed successfully for oxirane
2025-10-28 00:33:29,446 - ERROR - Step 03 failed for oxirane with return code 3221225786
2025-10-28 00:34:32,335 - INFO - Step 01 completed successfully for oxirane
2025-10-28 00:42:40,418 - INFO - Step 02 completed successfully for oxirane
2025-10-28 01:08:48,899 - INFO - Step 03 completed successfully for oxirane
2025-10-28 01:09:57,484 - INFO - Step 04 completed successfully for oxirane
2025-10-28 01:09:57,486 - INFO - Pipeline completed for oxirane
2025-10-28 01:11:27,075 - INFO - Step 01 completed successfully for vinyl chloride
2025-10-28 01:22:28,130 - INFO - Step 02 completed successfully for vinyl chloride
2025-10-28 01:43:22,473 - INFO - Step 03 completed successfully for vinyl chloride
2025-10-28 01:45:48,345 - INFO - Step 04 completed successfully for vinyl chloride
2025-10-28 01:45:48,347 - INFO - Pipeline completed for vinyl chloride
2025-10-28 01:46:24,393 - INFO - Step 01 completed successfully for tert-butyl methyl ether
2025-10-28 01:51:21,878 - INFO - Step 02 completed successfully for tert-butyl methyl ether
2025-10-28 01:58:41,341 - INFO - Step 03 completed successfully for tert-butyl methyl ether
2025-10-28 02:00:00,464 - INFO - Step 04 completed successfully for tert-butyl methyl ether
2025-10-28 02:00:00,466 - INFO - Pipeline completed for tert-butyl methyl ether
2025-10-28 02:01:24,963 - INFO - Step 01 completed successfully for benzene
2025-10-28 02:12:12,150 - INFO - Step 02 completed successfully for benzene
2025-10-28 02:30:52,481 - INFO - Step 03 completed successfully for benzene
2025-10-28 02:31:50,266 - INFO - Step 04 completed successfully for benzene
2025-10-28 02:31:50,269 - INFO - Pipeline completed for benzene
2025-10-28 02:33:11,451 - INFO - Step 01 completed successfully for 1,3-butadiene
2025-10-28 02:46:14,084 - INFO - Step 02 completed successfully for 1,3-butadiene
2025-10-28 03:14:03,169 - INFO - Step 03 completed successfully for 1,3-butadiene
2025-10-28 03:15:11,894 - INFO - Step 04 completed successfully for 1,3-butadiene
2025-10-28 03:15:11,895 - INFO - Pipeline completed for 1,3-butadiene
2025-10-28 03:15:15,626 - INFO - Step 01 completed successfully for perfluorooctanesulfonic acid
2025-10-28 03:15:42,497 - INFO - Step 02 completed successfully for perfluorooctanesulfonic acid
2025-10-28 03:18:15,200 - INFO - Step 03 completed successfully for perfluorooctanesulfonic acid
2025-10-28 03:18:45,618 - INFO - Step 04 completed successfully for perfluorooctanesulfonic acid
2025-10-28 03:18:45,619 - INFO - Pipeline completed for perfluorooctanesulfonic acid
2025-10-28 03:18:49,534 - INFO - Step 01 completed successfully for lithium (perfluorooctane)sulfonate
2025-10-28 03:18:52,387 - INFO - Step 02 completed successfully for lithium (perfluorooctane)sulfonate
2025-10-28 03:18:57,450 - INFO - Step 03 completed successfully for lithium (perfluorooctane)sulfonate
2025-10-28 03:18:58,096 - INFO - Step 04 completed successfully for lithium (perfluorooctane)sulfonate
2025-10-28 03:18:58,096 - INFO - Pipeline completed for lithium (perfluorooctane)sulfonate
2025-10-28 03:19:01,019 - INFO - Step 01 completed successfully for perfluorooctanesulfonyl fluoride
2025-10-28 03:19:04,332 - INFO - Step 02 completed successfully for perfluorooctanesulfonyl fluoride
2025-10-28 03:19:09,435 - INFO - Step 03 completed successfully for perfluorooctanesulfonyl fluoride
2025-10-28 03:19:10,074 - INFO - Step 04 completed successfully for perfluorooctanesulfonyl fluoride
2025-10-28 03:19:10,075 - INFO - Pipeline completed for perfluorooctanesulfonyl fluoride
2025-10-28 03:19:48,529 - INFO - Step 01 completed successfully for perfluorooctanoic acid
2025-10-28 03:23:38,686 - INFO - Step 02 completed successfully for perfluorooctanoic acid
2025-10-28 03:37:24,245 - INFO - Step 03 completed successfully for perfluorooctanoic acid
2025-10-28 03:40:16,892 - INFO - Step 04 completed successfully for perfluorooctanoic acid
2025-10-28 03:40:16,893 - INFO - Pipeline completed for perfluorooctanoic acid
2025-10-28 03:40:21,583 - INFO - Step 01 completed successfully for perfluorohexanesulfonic acid
2025-10-28 03:40:36,385 - INFO - Step 02 completed successfully for perfluorohexanesulfonic acid
2025-10-28 03:41:11,705 - INFO - Step 03 completed successfully for perfluorohexanesulfonic acid
2025-10-28 03:41:16,076 - INFO - Step 04 completed successfully for perfluorohexanesulfonic acid
2025-10-28 03:41:16,077 - INFO - Pipeline completed for perfluorohexanesulfonic acid
2025-10-28 03:42:36,622 - INFO - Step 01 completed successfully for chlorpyrifos
2025-10-28 03:50:57,581 - INFO - Step 02 completed successfully for chlorpyrifos
2025-10-28 04:10:40,538 - INFO - Step 03 completed successfully for chlorpyrifos
2025-10-28 04:21:00,197 - INFO - Step 04 completed successfully for chlorpyrifos
2025-10-28 04:21:00,199 - INFO - Pipeline completed for chlorpyrifos
2025-10-28 04:21:11,221 - INFO - Step 01 completed successfully for dicofol
2025-10-28 04:22:22,791 - INFO - Step 02 completed successfully for dicofol
2025-10-28 04:23:51,556 - INFO - Step 03 completed successfully for dicofol
2025-10-28 04:24:25,521 - INFO - Step 04 completed successfully for dicofol
2025-10-28 04:24:25,523 - INFO - Pipeline completed for dicofol
2025-10-28 04:24:30,177 - INFO - Step 01 completed successfully for decabromodiphenyl ether
2025-10-28 04:25:30,031 - INFO - Step 02 completed successfully for decabromodiphenyl ether
2025-10-28 04:27:42,605 - INFO - Step 03 completed successfully for decabromodiphenyl ether
2025-10-28 04:28:17,403 - INFO - Step 04 completed successfully for decabromodiphenyl ether
2025-10-28 04:28:17,407 - INFO - Pipeline completed for decabromodiphenyl ether
2025-10-28 04:28:20,051 - INFO - Step 01 completed successfully for octabromodiphenyl ethers
2025-10-28 04:28:25,282 - INFO - Step 02 completed successfully for octabromodiphenyl ethers
2025-10-28 04:28:31,198 - INFO - Step 03 completed successfully for octabromodiphenyl ethers
2025-10-28 04:28:31,843 - INFO - Step 04 completed successfully for octabromodiphenyl ethers
2025-10-28 04:28:31,844 - INFO - Pipeline completed for octabromodiphenyl ethers
2025-10-28 04:28:36,850 - INFO - Step 01 completed successfully for tetrabromodiphenyl ether
2025-10-28 04:29:10,756 - INFO - Step 02 completed successfully for tetrabromodiphenyl ether
2025-10-28 04:30:23,713 - INFO - Step 03 completed successfully for tetrabromodiphenyl ether
2025-10-28 04:30:36,278 - INFO - Step 04 completed successfully for tetrabromodiphenyl ether
2025-10-28 04:30:36,279 - INFO - Pipeline completed for tetrabromodiphenyl ether
2025-10-28 04:31:57,267 - INFO - Step 01 completed successfully for cypermethrin
2025-10-28 04:37:52,871 - INFO - Step 02 completed successfully for cypermethrin
2025-10-28 05:01:20,700 - INFO - Step 03 completed successfully for cypermethrin
2025-10-28 05:12:52,230 - INFO - Step 04 completed successfully for cypermethrin
2025-10-28 05:12:52,232 - INFO - Pipeline completed for cypermethrin
2025-10-28 05:12:55,127 - INFO - Step 01 completed successfully for isoprocarb
2025-10-28 05:13:05,494 - INFO - Step 02 completed successfully for isoprocarb
2025-10-28 05:13:30,297 - INFO - Step 03 completed successfully for isoprocarb
2025-10-28 05:13:33,836 - INFO - Step 04 completed successfully for isoprocarb
2025-10-28 05:13:33,836 - INFO - Pipeline completed for isoprocarb
2025-10-28 15:37:04,053 - ERROR - Step 01 failed for oxirane with return code 3221225786
2025-10-28 15:41:02,681 - INFO - Step 01 completed successfully for Dimethylformamide (DMF)
2025-10-28 15:48:52,233 - INFO - Step 01 completed successfully for Dimethylformamide (DMF)
2025-10-28 16:00:57,457 - INFO - Step 02 completed successfully for Dimethylformamide (DMF)
2025-10-28 16:20:14,413 - INFO - Step 03 completed successfully for Dimethylformamide (DMF)
2025-10-28 16:25:03,876 - INFO - Step 04 completed successfully for Dimethylformamide (DMF)
2025-10-28 16:25:03,876 - INFO - Pipeline completed for Dimethylformamide (DMF)
2025-10-28 16:26:27,344 - INFO - Step 01 completed successfully for Benzene
2025-10-28 16:37:17,590 - INFO - Step 02 completed successfully for Benzene
2025-10-28 16:53:37,294 - INFO - Step 03 completed successfully for Benzene
2025-10-28 16:54:32,165 - INFO - Step 04 completed successfully for Benzene
2025-10-28 16:54:32,167 - INFO - Pipeline completed for Benzene
2025-10-28 16:54:35,547 - INFO - Step 01 completed successfully for Bis(2-ethylhexyl)phthalate (DEHP)
2025-10-28 16:54:57,365 - INFO - Step 02 completed successfully for Bis(2-ethylhexyl)phthalate (DEHP)
2025-10-28 16:55:47,892 - INFO - Step 03 completed successfully for Bis(2-ethylhexyl)phthalate (DEHP)
2025-10-28 16:56:10,844 - INFO - Step 04 completed successfully for Bis(2-ethylhexyl)phthalate (DEHP)
2025-10-28 16:56:10,845 - INFO - Pipeline completed for Bis(2-ethylhexyl)phthalate (DEHP)
2025-10-28 16:56:15,096 - INFO - Step 01 completed successfully for 1,3-Butadiene (BD)
2025-10-28 16:56:45,387 - INFO - Step 02 completed successfully for 1,3-Butadiene (BD)
2025-10-28 16:57:31,280 - INFO - Step 03 completed successfully for 1,3-Butadiene (BD)
2025-10-28 16:57:37,101 - INFO - Step 04 completed successfully for 1,3-Butadiene (BD)
2025-10-28 16:57:37,102 - INFO - Pipeline completed for 1,3-Butadiene (BD)
2025-10-28 16:58:53,672 - INFO - Step 01 completed successfully for Acetonitrile
2025-10-28 17:08:31,460 - INFO - Step 02 completed successfully for Acetonitrile
2025-10-28 17:22:14,296 - INFO - Step 03 completed successfully for Acetonitrile
2025-10-28 17:23:06,651 - INFO - Step 04 completed successfully for Acetonitrile
2025-10-28 17:23:06,654 - INFO - Pipeline completed for Acetonitrile
2025-10-28 17:23:10,247 - INFO - Step 01 completed successfully for Dichlorodifluoromethane (R-12)
2025-10-28 17:23:14,065 - INFO - Step 02 completed successfully for Dichlorodifluoromethane (R-12)
2025-10-28 17:23:20,116 - INFO - Step 03 completed successfully for Dichlorodifluoromethane (R-12)
2025-10-28 17:23:20,742 - INFO - Step 04 completed successfully for Dichlorodifluoromethane (R-12)
2025-10-28 17:23:20,742 - INFO - Pipeline completed for Dichlorodifluoromethane (R-12)
2025-10-28 17:23:45,520 - INFO - Step 01 completed successfully for Tetrachloroethylene
2025-10-28 17:27:34,226 - INFO - Step 02 completed successfully for Tetrachloroethylene
2025-10-28 17:31:56,000 - INFO - Step 03 completed successfully for Tetrachloroethylene
2025-10-28 17:32:17,309 - INFO - Step 04 completed successfully for Tetrachloroethylene
2025-10-28 17:32:17,310 - INFO - Pipeline completed for Tetrachloroethylene
2025-10-28 17:32:21,578 - INFO - Step 01 completed successfully for Nonylphenol Ethoxylates (NPEs)
2025-10-28 17:32:30,117 - INFO - Step 02 completed successfully for Nonylphenol Ethoxylates (NPEs)
2025-10-28 17:32:45,719 - INFO - Step 03 completed successfully for Nonylphenol Ethoxylates (NPEs)
2025-10-28 17:32:57,478 - INFO - Step 04 completed successfully for Nonylphenol Ethoxylates (NPEs)
2025-10-28 17:32:57,479 - INFO - Pipeline completed for Nonylphenol Ethoxylates (NPEs)
2025-10-28 17:33:02,512 - INFO - Step 01 completed successfully for Methylene Chloride
2025-10-28 17:34:03,766 - INFO - Step 02 completed successfully for Methylene Chloride
2025-10-28 17:35:11,927 - INFO - Step 03 completed successfully for Methylene Chloride
2025-10-28 17:35:16,112 - INFO - Step 04 completed successfully for Methylene Chloride
2025-10-28 17:35:16,112 - INFO - Pipeline completed for Methylene Chloride
2025-10-28 17:35:19,204 - INFO - Step 01 completed successfully for Phthalate (PAEs), e.g., DINP
2025-10-28 17:35:19,367 - INFO - Step 02 completed successfully for Phthalate (PAEs), e.g., DINP
2025-10-28 17:35:20,201 - INFO - Step 03 completed successfully for Phthalate (PAEs), e.g., DINP
2025-10-28 17:35:20,836 - INFO - Step 04 completed successfully for Phthalate (PAEs), e.g., DINP
2025-10-28 17:35:20,837 - INFO - Pipeline completed for Phthalate (PAEs), e.g., DINP
2025-10-28 17:35:25,631 - INFO - Step 01 completed successfully for Tetrabromobisphenol A (TBBPA)
2025-10-28 17:36:09,998 - INFO - Step 02 completed successfully for Tetrabromobisphenol A (TBBPA)
2025-10-28 17:38:14,827 - INFO - Step 03 completed successfully for Tetrabromobisphenol A (TBBPA)
2025-10-28 17:38:43,466 - INFO - Step 04 completed successfully for Tetrabromobisphenol A (TBBPA)
2025-10-28 17:38:43,467 - INFO - Pipeline completed for Tetrabromobisphenol A (TBBPA)
2025-10-28 17:38:48,255 - INFO - Step 01 completed successfully for Hexabromocyclododecane (HBCD)
2025-10-28 17:39:31,400 - INFO - Step 02 completed successfully for Hexabromocyclododecane (HBCD)
2025-10-28 17:40:47,365 - INFO - Step 03 completed successfully for Hexabromocyclododecane (HBCD)
2025-10-28 17:40:58,132 - INFO - Step 04 completed successfully for Hexabromocyclododecane (HBCD)
2025-10-28 17:40:58,133 - INFO - Pipeline completed for Hexabromocyclododecane (HBCD)
2025-11-02 17:16:03,813 - INFO - Step 01 completed successfully for 1,2-dichloroethane
2025-11-02 17:17:07,264 - ERROR - Step 02 failed for 1,2-dichloroethane with return code 3221225786
2025-11-02 17:32:30,373 - INFO - Step 01 completed successfully for 1,2-dichloroethane
2025-11-02 17:46:50,022 - INFO - Step 02 completed successfully for 1,2-dichloroethane
2025-11-02 17:56:44,271 - INFO - Step 03 completed successfully for 1,2-dichloroethane
2025-11-02 17:56:45,186 - INFO - Step 04 completed successfully for 1,2-dichloroethane
2025-11-02 17:56:45,186 - INFO - Pipeline completed for 1,2-dichloroethane
2025-11-02 17:58:11,080 - INFO - Step 01 completed successfully for ethylbenzene
2025-11-02 17:58:36,886 - ERROR - Step 02 failed for ethylbenzene with return code 3221225786
2025-11-02 18:01:11,512 - INFO - Step 01 completed successfully for 1,2-dichloroethane
2025-11-02 18:08:43,549 - INFO - Step 02 completed successfully for 1,2-dichloroethane
2025-11-02 18:11:54,246 - INFO - Step 03 completed successfully for 1,2-dichloroethane
2025-11-02 18:12:38,307 - INFO - Step 04 completed successfully for 1,2-dichloroethane
2025-11-02 18:12:38,309 - INFO - Pipeline completed for 1,2-dichloroethane
2025-11-02 18:14:07,012 - INFO - Step 01 completed successfully for ethylbenzene
2025-11-02 18:24:18,688 - INFO - Step 02 completed successfully for ethylbenzene
2025-11-02 18:28:55,762 - INFO - Step 03 completed successfully for ethylbenzene
2025-11-02 18:29:58,384 - INFO - Step 04 completed successfully for ethylbenzene
2025-11-02 18:29:58,387 - INFO - Pipeline completed for ethylbenzene
2025-11-02 18:31:14,279 - INFO - Step 01 completed successfully for butyl acrylate
2025-11-02 18:41:23,646 - INFO - Step 02 completed successfully for butyl acrylate
2025-11-02 18:46:23,043 - INFO - Step 03 completed successfully for butyl acrylate
2025-11-02 18:47:02,309 - INFO - Step 04 completed successfully for butyl acrylate
2025-11-02 18:47:02,311 - INFO - Pipeline completed for butyl acrylate
2025-11-02 18:48:25,364 - INFO - Step 01 completed successfully for acrylonitrile
2025-11-02 18:58:14,795 - INFO - Step 02 completed successfully for acrylonitrile
2025-11-02 19:06:08,602 - ERROR - Step 03 failed for acrylonitrile with return code 3221225786
2025-11-02 20:56:01,024 - INFO - Step 01 completed successfully for 1,2-dichloroethane
2025-11-02 21:03:48,180 - INFO - Step 02 completed successfully for 1,2-dichloroethane
2025-11-02 21:07:45,561 - INFO - Step 03 completed successfully for 1,2-dichloroethane
2025-11-02 21:08:30,670 - INFO - Step 04 completed successfully for 1,2-dichloroethane
2025-11-02 21:08:30,672 - INFO - Pipeline completed for 1,2-dichloroethane
2025-11-02 21:09:01,539 - INFO - Step 01 completed successfully for ethylbenzene
2025-11-02 21:12:01,279 - INFO - Step 02 completed successfully for ethylbenzene
2025-11-02 21:13:34,358 - INFO - Step 03 completed successfully for ethylbenzene
2025-11-02 21:13:57,808 - INFO - Step 04 completed successfully for ethylbenzene
2025-11-02 21:13:57,809 - INFO - Pipeline completed for ethylbenzene
2025-11-02 21:15:31,244 - INFO - Step 01 completed successfully for butyl acrylate
2025-11-02 21:16:46,158 - ERROR - Step 02 failed for butyl acrylate with return code 3221225786
2025-11-02 21:18:56,161 - INFO - Step 01 completed successfully for 1,2-dichloroethane
2025-11-02 21:26:31,937 - INFO - Step 02 completed successfully for 1,2-dichloroethane
2025-11-02 21:29:58,896 - INFO - Step 03 completed successfully for 1,2-dichloroethane
2025-11-02 21:30:40,591 - INFO - Step 04 completed successfully for 1,2-dichloroethane
2025-11-02 21:30:40,592 - INFO - Pipeline completed for 1,2-dichloroethane
2025-11-02 21:32:02,181 - INFO - Step 01 completed successfully for ethylbenzene
2025-11-02 21:36:00,042 - ERROR - Step 02 failed for ethylbenzene with return code 3221225786
2025-11-02 21:37:03,804 - INFO - Step 01 completed successfully for 1,2-dichloroethane
2025-11-02 21:44:39,674 - INFO - Step 02 completed successfully for 1,2-dichloroethane
2025-11-02 21:48:27,754 - INFO - Step 03 completed successfully for 1,2-dichloroethane
2025-11-02 21:48:59,087 - INFO - Step 04 completed successfully for 1,2-dichloroethane
2025-11-02 21:48:59,088 - INFO - Pipeline completed for 1,2-dichloroethane
2025-11-02 21:50:27,174 - INFO - Step 01 completed successfully for ethylbenzene
2025-11-02 21:52:55,686 - ERROR - Step 02 failed for ethylbenzene with return code 3221225786
2025-11-02 21:55:36,470 - INFO - Step 01 completed successfully for 1,2-dichloroethane
2025-11-02 21:57:20,088 - ERROR - Step 02 failed for 1,2-dichloroethane with return code 3221225786
2025-11-02 21:58:31,683 - INFO - Step 01 completed successfully for 1,2-dichloroethane
2025-11-02 22:06:21,853 - INFO - Step 02 completed successfully for 1,2-dichloroethane
2025-11-02 22:13:31,979 - INFO - Step 03 completed successfully for 1,2-dichloroethane
2025-11-02 22:13:42,772 - INFO - Step 04 completed successfully for 1,2-dichloroethane
2025-11-02 22:13:42,772 - INFO - Pipeline completed for 1,2-dichloroethane
2025-11-02 22:15:17,929 - INFO - Step 01 completed successfully for ethylbenzene
2025-11-02 22:15:28,733 - ERROR - Step 02 failed for ethylbenzene with return code 3221225786
2025-11-02 22:17:17,991 - INFO - Step 01 completed successfully for 1,2-dichloroethane
2025-11-02 22:24:53,017 - INFO - Step 02 completed successfully for 1,2-dichloroethane
2025-11-02 22:31:08,127 - INFO - Step 03 completed successfully for 1,2-dichloroethane
2025-11-02 22:31:22,136 - INFO - Step 04 completed successfully for 1,2-dichloroethane
2025-11-02 22:31:22,137 - INFO - Pipeline completed for 1,2-dichloroethane
2025-11-02 22:32:46,454 - INFO - Step 01 completed successfully for ethylbenzene
2025-11-02 22:34:40,948 - ERROR - Step 01 failed for 1,2-dichloroethane with return code 3221225786
2025-11-02 22:36:17,043 - INFO - Step 01 completed successfully for ethylbenzene
2025-11-02 22:46:27,919 - INFO - Step 02 completed successfully for ethylbenzene
2025-11-02 22:55:31,083 - INFO - Step 03 completed successfully for ethylbenzene
2025-11-02 22:55:49,125 - INFO - Step 04 completed successfully for ethylbenzene
2025-11-02 22:55:49,125 - INFO - Pipeline completed for ethylbenzene
2025-11-02 22:56:01,429 - ERROR - Step 01 failed for butyl acrylate with return code 3221225786
2025-11-02 23:10:40,529 - INFO - Step 01 completed successfully for ethylbenzene
2025-11-02 23:21:02,038 - INFO - Step 02 completed successfully for ethylbenzene
2025-11-02 23:30:04,594 - INFO - Step 03 completed successfully for ethylbenzene
2025-11-02 23:30:25,726 - INFO - Step 04 completed successfully for ethylbenzene
2025-11-02 23:30:25,727 - INFO - Pipeline completed for ethylbenzene
2025-11-02 23:31:44,734 - INFO - Step 01 completed successfully for butyl acrylate
2025-11-02 23:38:01,275 - ERROR - Step 02 failed for butyl acrylate with return code 3221225786
2025-11-02 23:39:26,162 - INFO - Step 01 completed successfully for ethylbenzene
2025-11-02 23:49:51,705 - INFO - Step 02 completed successfully for ethylbenzene
2025-11-02 23:58:45,065 - INFO - Step 03 completed successfully for ethylbenzene
2025-11-02 23:59:02,253 - INFO - Step 04 completed successfully for ethylbenzene
2025-11-02 23:59:02,254 - INFO - Pipeline completed for ethylbenzene
2025-11-03 00:00:23,696 - INFO - Step 01 completed successfully for butyl acrylate
2025-11-03 00:10:34,096 - INFO - Step 02 completed successfully for butyl acrylate
2025-11-03 00:20:10,165 - INFO - Step 03 completed successfully for butyl acrylate
2025-11-03 00:20:22,515 - INFO - Step 04 completed successfully for butyl acrylate
2025-11-03 00:20:22,515 - INFO - Pipeline completed for butyl acrylate
2025-11-03 00:21:50,029 - INFO - Step 01 completed successfully for acrylonitrile
2025-11-03 00:31:34,879 - INFO - Step 02 completed successfully for acrylonitrile
2025-11-03 00:39:46,623 - ERROR - Step 03 failed for acrylonitrile with return code 3221225786
2025-11-03 00:41:33,998 - INFO - Step 01 completed successfully for perfluorohexanesulfonic acid
2025-11-03 00:41:39,091 - INFO - Step 02 completed successfully for perfluorohexanesulfonic acid
2025-11-03 00:42:05,130 - INFO - Step 03 completed successfully for perfluorohexanesulfonic acid
2025-11-03 00:42:14,392 - INFO - Step 04 completed successfully for perfluorohexanesulfonic acid
2025-11-03 00:42:14,393 - INFO - Pipeline completed for perfluorohexanesulfonic acid
2025-11-03 00:42:43,526 - INFO - Step 01 completed successfully for perfluorohexanesulfonic acid
2025-11-03 00:42:48,254 - INFO - Step 02 completed successfully for perfluorohexanesulfonic acid
2025-11-03 00:43:08,950 - INFO - Step 03 completed successfully for perfluorohexanesulfonic acid
2025-11-03 00:43:19,014 - INFO - Step 04 completed successfully for perfluorohexanesulfonic acid
2025-11-03 00:43:19,014 - INFO - Pipeline completed for perfluorohexanesulfonic acid
2025-11-03 00:45:46,097 - INFO - Step 01 completed successfully for oxirane
2025-11-03 00:53:41,593 - INFO - Step 02 completed successfully for oxirane
2025-11-03 01:01:07,663 - INFO - Step 03 completed successfully for oxirane
2025-11-03 01:01:20,999 - INFO - Step 04 completed successfully for oxirane
2025-11-03 01:01:20,999 - INFO - Pipeline completed for oxirane
2025-11-03 01:02:42,190 - INFO - Step 01 completed successfully for oxirane
2025-11-03 01:10:33,863 - INFO - Step 02 completed successfully for oxirane
2025-11-03 01:17:55,818 - INFO - Step 03 completed successfully for oxirane
2025-11-03 01:18:16,121 - INFO - Step 04 completed successfully for oxirane
2025-11-03 01:18:16,121 - INFO - Pipeline completed for oxirane
2025-11-03 01:27:15,133 - INFO - Step 01 completed successfully for oxirane
2025-11-03 01:36:00,646 - INFO - Step 02 completed successfully for oxirane
2025-11-03 01:39:47,633 - INFO - Step 03 completed successfully for oxirane
2025-11-03 01:40:03,250 - INFO - Step 04 completed successfully for oxirane
2025-11-03 01:40:03,250 - INFO - Pipeline completed for oxirane
2025-11-03 01:52:05,398 - INFO - Step 01 completed successfully for oxirane
2025-11-03 02:00:51,608 - INFO - Step 02 completed successfully for oxirane
2025-11-03 02:04:37,314 - INFO - Step 03 completed successfully for oxirane
2025-11-03 02:04:54,741 - INFO - Step 04 completed successfully for oxirane
2025-11-03 02:04:54,742 - INFO - Pipeline completed for oxirane
2025-11-03 02:09:17,317 - INFO - Step 01 completed successfully for oxirane
2025-11-03 02:17:59,561 - INFO - Step 02 completed successfully for oxirane
2025-11-03 02:21:23,086 - INFO - Step 03 completed successfully for oxirane
2025-11-03 02:21:39,370 - INFO - Step 04 completed successfully for oxirane
2025-11-03 02:21:39,371 - INFO - Pipeline completed for oxirane
2025-11-03 02:25:49,674 - INFO - Step 01 completed successfully for oxirane
2025-11-03 02:34:18,415 - INFO - Step 02 completed successfully for oxirane
2025-11-03 02:37:56,502 - INFO - Step 03 completed successfully for oxirane
2025-11-03 02:38:13,541 - INFO - Step 04 completed successfully for oxirane
2025-11-03 02:38:13,541 - INFO - Pipeline completed for oxirane
2025-11-03 02:41:26,650 - INFO - Step 01 completed successfully for oxirane
2025-11-03 02:49:50,854 - INFO - Step 02 completed successfully for oxirane
2025-11-03 02:53:22,812 - INFO - Step 03 completed successfully for oxirane
2025-11-03 02:53:34,641 - INFO - Step 04 completed successfully for oxirane
2025-11-03 02:53:34,641 - INFO - Pipeline completed for oxirane
2025-11-03 03:01:05,222 - INFO - Step 01 completed successfully for chlorpyrifos
2025-11-03 03:09:50,122 - INFO - Step 02 completed successfully for chlorpyrifos
2025-11-03 03:15:40,131 - INFO - Step 03 completed successfully for chlorpyrifos
2025-11-03 03:20:53,310 - INFO - Step 04 completed successfully for chlorpyrifos
2025-11-03 03:20:53,311 - INFO - Pipeline completed for chlorpyrifos
2025-11-03 03:23:29,808 - INFO - Step 01 completed successfully for dicofol
2025-11-03 03:24:43,305 - INFO - Step 02 completed successfully for dicofol
2025-11-03 03:25:10,967 - INFO - Step 03 completed successfully for dicofol
2025-11-03 03:25:38,391 - INFO - Step 04 completed successfully for dicofol
2025-11-03 03:25:38,391 - INFO - Pipeline completed for dicofol
2025-11-03 03:30:42,690 - INFO - Step 01 completed successfully for dicofol
2025-11-03 03:32:02,331 - INFO - Step 02 completed successfully for dicofol
2025-11-03 03:32:30,934 - INFO - Step 03 completed successfully for dicofol
2025-11-03 03:32:55,088 - INFO - Step 04 completed successfully for dicofol
2025-11-03 03:32:55,089 - INFO - Pipeline completed for dicofol
2025-11-03 03:35:21,357 - INFO - Step 01 completed successfully for dicofol
2025-11-03 03:36:37,326 - INFO - Step 02 completed successfully for dicofol
2025-11-03 03:37:02,390 - INFO - Step 03 completed successfully for dicofol
2025-11-03 03:37:25,116 - INFO - Step 04 completed successfully for dicofol
2025-11-03 03:37:25,117 - INFO - Pipeline completed for dicofol
2025-11-03 04:56:24,755 - INFO - Step 01 completed successfully for allyl alcohol
2025-11-03 04:56:27,114 - ERROR - Step 02 failed for allyl alcohol with return code 3221225786
2025-11-03 04:57:18,947 - ERROR - Step 01 failed for allyl alcohol with return code 3221225786
2025-11-03 04:58:02,617 - ERROR - Step 01 failed for allyl alcohol with return code 3221225786
2025-11-03 23:45:12,003 - ERROR - Step 01 failed for allyl alcohol with return code 3221225786
2025-11-03 23:48:48,934 - INFO - Step 01 completed successfully for allyl alcohol
2025-11-03 23:49:37,108 - INFO - Step 02 completed successfully for allyl alcohol
2025-11-03 23:50:45,182 - INFO - Step 03 completed successfully for allyl alcohol
2025-11-03 23:50:46,047 - INFO - Step 04 completed successfully for allyl alcohol
2025-11-03 23:50:46,048 - INFO - Pipeline completed for allyl alcohol
2025-11-03 23:54:53,849 - INFO - Step 01 completed successfully for allyl alcohol
2025-11-03 23:55:43,406 - INFO - Step 02 completed successfully for allyl alcohol
2025-11-03 23:56:49,402 - INFO - Step 03 completed successfully for allyl alcohol
2025-11-03 23:56:50,172 - INFO - Step 04 completed successfully for allyl alcohol
2025-11-03 23:56:50,173 - INFO - Pipeline completed for allyl alcohol
2025-11-03 23:59:29,879 - INFO - Step 01 completed successfully for allyl alcohol
2025-11-04 00:01:54,419 - INFO - Step 02 completed successfully for allyl alcohol
2025-11-04 00:03:40,274 - INFO - Step 03 completed successfully for allyl alcohol
2025-11-04 00:03:43,742 - INFO - Step 04 completed successfully for allyl alcohol
2025-11-04 00:03:43,742 - INFO - Pipeline completed for allyl alcohol
2025-11-04 00:06:27,597 - INFO - Step 01 completed successfully for allyl alcohol
2025-11-04 00:07:12,778 - INFO - Step 02 completed successfully for allyl alcohol
2025-11-04 00:09:29,147 - INFO - Step 03 completed successfully for allyl alcohol
2025-11-04 00:09:29,995 - INFO - Step 04 completed successfully for allyl alcohol
2025-11-04 00:09:29,996 - INFO - Pipeline completed for allyl alcohol
2025-11-04 00:11:50,943 - INFO - Step 01 completed successfully for allyl alcohol
2025-11-04 00:12:33,288 - INFO - Step 02 completed successfully for allyl alcohol
2025-11-04 00:14:52,583 - INFO - Step 03 completed successfully for allyl alcohol
2025-11-04 00:14:53,327 - INFO - Step 04 completed successfully for allyl alcohol
2025-11-04 00:14:53,327 - INFO - Pipeline completed for allyl alcohol
2025-11-04 00:16:22,890 - ERROR - Step 01 failed for allyl alcohol with return code 3221225786
2025-11-04 00:18:23,863 - INFO - Step 01 completed successfully for allyl alcohol
2025-11-04 00:25:44,696 - INFO - Step 02 completed successfully for allyl alcohol
2025-11-04 00:32:10,235 - INFO - Step 03 completed successfully for allyl alcohol
2025-11-04 00:32:21,826 - INFO - Step 04 completed successfully for allyl alcohol
2025-11-04 00:32:21,826 - INFO - Pipeline completed for allyl alcohol
2025-11-04 00:35:48,334 - INFO - Step 01 completed successfully for allyl alcohol
2025-11-04 00:42:40,518 - INFO - Step 02 completed successfully for allyl alcohol
2025-11-04 00:52:24,442 - INFO - Step 03 completed successfully for allyl alcohol
2025-11-04 00:52:25,410 - INFO - Step 04 completed successfully for allyl alcohol
2025-11-04 00:52:25,411 - INFO - Pipeline completed for allyl alcohol
2025-11-04 01:00:53,933 - INFO - Step 01 completed successfully for allyl alcohol
2025-11-04 01:07:54,581 - INFO - Step 02 completed successfully for allyl alcohol
2025-11-04 01:17:25,605 - INFO - Step 03 completed successfully for allyl alcohol
2025-11-04 01:17:26,579 - INFO - Step 04 completed successfully for allyl alcohol
2025-11-04 01:17:26,579 - INFO - Pipeline completed for allyl alcohol
2025-11-04 01:22:59,333 - INFO - Step 01 completed successfully for allyl alcohol
2025-11-04 01:30:17,044 - INFO - Step 02 completed successfully for allyl alcohol
2025-11-04 01:34:58,443 - INFO - Step 03 completed successfully for allyl alcohol
2025-11-04 01:35:09,388 - INFO - Step 04 completed successfully for allyl alcohol
2025-11-04 01:35:09,389 - INFO - Pipeline completed for allyl alcohol
2025-11-04 01:52:46,408 - INFO - Step 01 completed successfully for allyl alcohol
2025-11-04 01:59:52,418 - INFO - Step 02 completed successfully for allyl alcohol
2025-11-04 02:06:09,660 - INFO - Step 03 completed successfully for allyl alcohol
2025-11-04 02:06:25,007 - INFO - Step 04 completed successfully for allyl alcohol
2025-11-04 02:06:25,007 - INFO - Pipeline completed for allyl alcohol
2025-11-04 02:11:51,692 - INFO - Step 01 completed successfully for 1,2-dichloroethane
2025-11-04 02:14:50,657 - INFO - Step 02 completed successfully for 1,2-dichloroethane
2025-11-04 02:17:57,226 - INFO - Step 03 completed successfully for 1,2-dichloroethane
2025-11-04 02:18:09,187 - INFO - Step 04 completed successfully for 1,2-dichloroethane
2025-11-04 02:18:09,188 - INFO - Pipeline completed for 1,2-dichloroethane
2025-11-04 02:19:27,625 - INFO - Step 01 completed successfully for ethylbenzene
2025-11-04 02:24:50,380 - INFO - Step 02 completed successfully for ethylbenzene
2025-11-04 02:30:07,097 - INFO - Step 03 completed successfully for ethylbenzene
2025-11-04 02:30:23,310 - INFO - Step 04 completed successfully for ethylbenzene
2025-11-04 02:30:23,311 - INFO - Pipeline completed for ethylbenzene
2025-11-04 02:31:43,054 - INFO - Step 01 completed successfully for butyl acrylate
2025-11-04 02:37:37,102 - INFO - Step 02 completed successfully for butyl acrylate
2025-11-04 02:42:57,790 - INFO - Step 03 completed successfully for butyl acrylate
2025-11-04 02:43:09,770 - INFO - Step 04 completed successfully for butyl acrylate
2025-11-04 02:43:09,770 - INFO - Pipeline completed for butyl acrylate
2025-11-04 02:44:25,955 - INFO - Step 01 completed successfully for acrylonitrile
2025-11-04 02:49:02,482 - INFO - Step 02 completed successfully for acrylonitrile
2025-11-04 02:54:39,918 - INFO - Step 03 completed successfully for acrylonitrile
2025-11-04 02:55:02,841 - INFO - Step 04 completed successfully for acrylonitrile
2025-11-04 02:55:02,841 - INFO - Pipeline completed for acrylonitrile
2025-11-04 02:56:39,940 - INFO - Step 01 completed successfully for formaldehyde
2025-11-04 03:00:58,250 - INFO - Step 02 completed successfully for formaldehyde
2025-11-04 03:07:41,246 - INFO - Step 03 completed successfully for formaldehyde
2025-11-04 03:11:13,932 - INFO - Step 04 completed successfully for formaldehyde
2025-11-04 03:11:13,934 - INFO - Pipeline completed for formaldehyde
2025-11-04 03:12:06,848 - INFO - Step 01 completed successfully for allyl alcohol
2025-11-04 03:15:04,012 - INFO - Step 02 completed successfully for allyl alcohol
2025-11-04 03:18:02,770 - INFO - Step 03 completed successfully for allyl alcohol
2025-11-04 03:18:03,556 - INFO - Step 04 completed successfully for allyl alcohol
2025-11-04 03:18:03,557 - INFO - Pipeline completed for allyl alcohol
2025-11-04 23:12:03,813 - INFO - Step 01 completed successfully for allyl alcohol
2025-11-04 23:13:28,516 - ERROR - Step 02 failed for allyl alcohol with return code 3221225786
2025-11-04 23:14:29,070 - INFO - Step 01 completed successfully for allyl alcohol
2025-11-04 23:21:04,370 - INFO - Step 02 completed successfully for allyl alcohol
2025-11-04 23:24:14,480 - INFO - Step 03 completed successfully for allyl alcohol
2025-11-04 23:24:14,503 - INFO - Step03 results: 2/3759 papers have alternatives
2025-11-04 23:24:21,257 - INFO - Step 04 completed successfully for allyl alcohol
2025-11-04 23:24:21,258 - INFO - Pipeline completed for allyl alcohol
2025-11-10 17:47:53,060 - ERROR - Step 01 failed for allyl alcohol with return code 3221225786
2025-11-10 18:40:11,650 - INFO - Step 01 completed successfully for 1,2-dichloroethane
2025-11-10 18:47:26,075 - INFO - Step 02 completed successfully for 1,2-dichloroethane
2025-11-10 18:49:57,031 - INFO - Step 03 completed successfully for 1,2-dichloroethane
2025-11-10 18:49:57,046 - INFO - Step03 results: 4/3122 papers have alternatives
2025-11-10 18:50:07,975 - INFO - Step 04 completed successfully for 1,2-dichloroethane
2025-11-10 18:50:07,976 - INFO - Pipeline completed for 1,2-dichloroethane
2025-11-10 18:51:35,484 - INFO - Step 01 completed successfully for ethylbenzene
2025-11-10 19:01:44,997 - INFO - Step 02 completed successfully for ethylbenzene
2025-11-10 19:06:41,752 - INFO - Step 03 completed successfully for ethylbenzene
2025-11-10 19:06:41,794 - INFO - Step03 results: 6/6278 papers have alternatives
2025-11-10 19:06:55,125 - INFO - Step 04 completed successfully for ethylbenzene
2025-11-10 19:06:55,126 - INFO - Pipeline completed for ethylbenzene
2025-11-10 19:08:20,175 - INFO - Step 01 completed successfully for butyl acrylate
2025-11-10 20:52:06,979 - INFO - Step 02 completed successfully for butyl acrylate
2025-11-10 20:57:47,667 - INFO - Step 03 completed successfully for butyl acrylate
2025-11-10 20:57:47,744 - INFO - Step03 results: 5/6783 papers have alternatives
2025-11-10 20:58:08,181 - INFO - Step 04 completed successfully for butyl acrylate
2025-11-10 20:58:08,186 - INFO - Pipeline completed for butyl acrylate
2025-11-10 20:59:48,188 - INFO - Step 01 completed successfully for acrylonitrile
2025-11-10 21:09:07,278 - ERROR - Step 02 failed for acrylonitrile with return code 3221225786
2025-11-10 21:10:24,253 - INFO - Step 01 completed successfully for 1,2-dichloroethane
2025-11-10 21:17:20,123 - INFO - Step 02 completed successfully for 1,2-dichloroethane
2025-11-10 21:19:10,987 - INFO - Step 03 completed successfully for 1,2-dichloroethane
2025-11-10 21:19:11,004 - INFO - Step03 results: 4/1212 papers have alternatives
2025-11-10 21:19:23,923 - INFO - Step 04 completed successfully for 1,2-dichloroethane
2025-11-10 21:19:23,924 - INFO - Pipeline completed for 1,2-dichloroethane
2025-11-10 21:20:54,169 - INFO - Step 01 completed successfully for ethylbenzene
2025-11-10 21:30:41,983 - INFO - Step 02 completed successfully for ethylbenzene
2025-11-10 21:34:26,856 - INFO - Step 03 completed successfully for ethylbenzene
2025-11-10 21:34:26,904 - INFO - Step03 results: 6/2911 papers have alternatives
2025-11-10 21:34:45,837 - INFO - Step 04 completed successfully for ethylbenzene
2025-11-10 21:34:45,838 - INFO - Pipeline completed for ethylbenzene
2025-11-10 21:36:10,214 - INFO - Step 01 completed successfully for butyl acrylate
2025-11-10 21:49:04,792 - INFO - Step 02 completed successfully for butyl acrylate
2025-11-10 21:52:22,742 - INFO - Step 03 completed successfully for butyl acrylate
2025-11-10 21:52:22,779 - INFO - Step03 results: 4/2247 papers have alternatives
2025-11-10 21:52:41,514 - INFO - Step 04 completed successfully for butyl acrylate
2025-11-10 21:52:41,515 - INFO - Pipeline completed for butyl acrylate
2025-11-10 21:54:16,245 - INFO - Step 01 completed successfully for acrylonitrile
2025-11-10 22:04:50,660 - INFO - Step 02 completed successfully for acrylonitrile
2025-11-10 22:09:03,754 - INFO - Step 03 completed successfully for acrylonitrile
2025-11-10 22:09:03,799 - INFO - Step03 results: 6/2906 papers have alternatives
2025-11-10 22:09:25,846 - INFO - Step 04 completed successfully for acrylonitrile
2025-11-10 22:09:25,847 - INFO - Pipeline completed for acrylonitrile
2025-11-10 22:11:21,037 - INFO - Step 01 completed successfully for formaldehyde
2025-11-10 22:19:22,610 - INFO - Step 02 completed successfully for formaldehyde
2025-11-10 22:23:27,480 - INFO - Step 03 completed successfully for formaldehyde
2025-11-10 22:23:27,513 - INFO - Step03 results: 67/2789 papers have alternatives
2025-11-10 22:26:10,849 - INFO - Step 04 completed successfully for formaldehyde
2025-11-10 22:26:10,852 - INFO - Pipeline completed for formaldehyde
2025-11-10 22:27:02,593 - INFO - Step 01 completed successfully for allyl alcohol
2025-11-10 22:34:01,130 - INFO - Step 02 completed successfully for allyl alcohol
2025-11-10 22:35:46,694 - INFO - Step 03 completed successfully for allyl alcohol
2025-11-10 22:35:46,707 - INFO - Step03 results: 0/1216 papers have alternatives
2025-11-10 22:35:46,708 - INFO - No alternatives found for allyl alcohol in last 10 years. Trying extended time range...
2025-11-10 22:35:46,708 - INFO - Retrying step03 for allyl alcohol with 15 years
2025-11-10 22:37:56,361 - INFO - Step 03 completed successfully for allyl alcohol
2025-11-10 22:37:56,381 - INFO - Step03 results: 0/2096 papers have alternatives
2025-11-10 22:37:56,381 - INFO - Still no alternatives found for allyl alcohol even with extended time range
2025-11-10 22:37:57,112 - INFO - Step 04 completed successfully for allyl alcohol
2025-11-10 22:37:57,113 - INFO - Pipeline completed for allyl alcohol
2025-11-10 22:39:37,200 - INFO - Step 01 completed successfully for bisphenol A
2025-11-10 22:49:06,188 - INFO - Step 02 completed successfully for bisphenol A
2025-11-10 22:55:46,818 - INFO - Step 03 completed successfully for bisphenol A
2025-11-10 22:55:46,872 - INFO - Step03 results: 63/4516 papers have alternatives
2025-11-10 22:58:27,934 - INFO - Step 04 completed successfully for bisphenol A
2025-11-10 22:58:27,936 - INFO - Pipeline completed for bisphenol A
2025-11-10 22:59:05,212 - INFO - Step 01 completed successfully for cumene
2025-11-10 23:04:34,742 - INFO - Step 02 completed successfully for cumene
2025-11-10 23:05:40,577 - INFO - Step 03 completed successfully for cumene
2025-11-10 23:05:40,586 - INFO - Step03 results: 3/787 papers have alternatives
2025-11-10 23:05:49,611 - INFO - Step 04 completed successfully for cumene
2025-11-10 23:05:49,612 - INFO - Pipeline completed for cumene
2025-11-10 23:07:17,194 - INFO - Step 01 completed successfully for vinyl acetate
2025-11-10 23:16:10,747 - INFO - Step 02 completed successfully for vinyl acetate
2025-11-10 23:19:51,053 - INFO - Step 03 completed successfully for vinyl acetate
2025-11-10 23:19:51,082 - INFO - Step03 results: 10/2544 papers have alternatives
2025-11-10 23:20:17,862 - INFO - Step 04 completed successfully for vinyl acetate
2025-11-10 23:20:17,863 - INFO - Pipeline completed for vinyl acetate
2025-11-10 23:21:07,214 - INFO - Step 01 completed successfully for oxirane
2025-11-10 23:28:33,170 - INFO - Step 02 completed successfully for oxirane
2025-11-10 23:30:12,979 - INFO - Step 03 completed successfully for oxirane
2025-11-10 23:30:12,990 - INFO - Step03 results: 3/1271 papers have alternatives
2025-11-10 23:30:24,877 - INFO - Step 04 completed successfully for oxirane
2025-11-10 23:30:24,878 - INFO - Pipeline completed for oxirane
2025-11-10 23:31:57,936 - INFO - Step 01 completed successfully for vinyl chloride
2025-11-10 23:42:02,580 - INFO - Step 02 completed successfully for vinyl chloride
2025-11-10 23:44:25,237 - INFO - Step 03 completed successfully for vinyl chloride
2025-11-10 23:44:25,251 - INFO - Step03 results: 8/1893 papers have alternatives
2025-11-10 23:44:47,697 - INFO - Step 04 completed successfully for vinyl chloride
2025-11-10 23:44:47,698 - INFO - Pipeline completed for vinyl chloride
2025-11-10 23:45:06,000 - ERROR - Step 01 failed for tert-butyl methyl ether with return code 3221225786
2025-11-10 23:45:06,000 - WARNING - Step 01 failed for tert-butyl methyl ether, skipping remaining steps
2025-11-10 23:45:13,017 - ERROR - Step 01 failed for 1,2-dichloroethane with return code 3221225786
2025-11-10 23:46:23,259 - INFO - Step 01 completed successfully for allyl alcohol
2025-11-10 23:53:11,724 - INFO - Step 02 completed successfully for allyl alcohol
2025-11-10 23:53:11,726 - INFO - Searching for alternatives in last 10 years for allyl alcohol
2025-11-10 23:54:52,699 - INFO - Step 03 completed successfully for allyl alcohol
2025-11-10 23:54:52,716 - INFO - Step03 results: 0/1216 papers have alternatives
2025-11-10 23:54:52,717 - INFO - No alternatives found in 10 years. Extending search to 20 years...
2025-11-10 23:54:52,725 - INFO - Searching for alternatives in last 20 years for allyl alcohol
2025-11-10 23:57:31,495 - INFO - Step 03 completed successfully for allyl alcohol
2025-11-10 23:57:31,550 - INFO - Step03 results: 0/2986 papers have alternatives
2025-11-10 23:57:31,552 - INFO - No alternatives found in 20 years. Extending search to 30 years...
2025-11-10 23:57:31,558 - INFO - Searching for alternatives in last 30 years for allyl alcohol
2025-11-11 00:02:12,793 - INFO - Step 03 completed successfully for allyl alcohol
2025-11-11 00:02:12,840 - INFO - Step03 results: 2/4266 papers have alternatives
2025-11-11 00:02:12,842 - INFO - Found alternatives for allyl alcohol within 30 years
2025-11-11 00:02:20,650 - INFO - Step 04 completed successfully for allyl alcohol
2025-11-11 00:02:20,651 - INFO - Pipeline completed for allyl alcohol
2025-11-11 00:04:59,665 - ERROR - Step 01 failed for allyl alcohol with return code 3221225786
2025-11-11 00:05:44,374 - INFO - Step 01 completed successfully for tert-butyl methyl ether
2025-11-11 00:10:11,003 - INFO - Step 02 completed successfully for tert-butyl methyl ether
2025-11-11 00:10:11,008 - INFO - Searching for alternatives in last 10 years for tert-butyl methyl ether
2025-11-11 00:11:01,334 - INFO - Step 03 completed successfully for tert-butyl methyl ether
2025-11-11 00:11:01,348 - INFO - Step03 results: 11/899 papers have alternatives
2025-11-11 00:11:01,348 - INFO - Found alternatives for tert-butyl methyl ether within 10 years
2025-11-11 00:11:27,532 - INFO - Step 04 completed successfully for tert-butyl methyl ether
2025-11-11 00:11:27,533 - INFO - Pipeline completed for tert-butyl methyl ether
2025-11-11 00:12:55,621 - INFO - Step 01 completed successfully for benzene
2025-11-11 00:22:29,711 - INFO - Step 02 completed successfully for benzene
2025-11-11 00:22:29,713 - INFO - Searching for alternatives in last 10 years for benzene
2025-11-11 00:25:22,295 - INFO - Step 03 completed successfully for benzene
2025-11-11 00:25:22,326 - INFO - Step03 results: 3/2124 papers have alternatives
2025-11-11 00:25:22,327 - INFO - Found alternatives for benzene within 10 years
2025-11-11 00:25:30,327 - INFO - Step 04 completed successfully for benzene
2025-11-11 00:25:30,328 - INFO - Pipeline completed for benzene
2025-11-11 00:26:51,209 - INFO - Step 01 completed successfully for 1,3-butadiene
2025-11-11 00:38:39,308 - INFO - Step 02 completed successfully for 1,3-butadiene
2025-11-11 00:38:39,310 - INFO - Searching for alternatives in last 10 years for 1,3-butadiene
2025-11-11 00:40:21,662 - INFO - Step 03 completed successfully for 1,3-butadiene
2025-11-11 00:40:21,698 - INFO - Step03 results: 9/1811 papers have alternatives
2025-11-11 00:40:21,699 - INFO - Found alternatives for 1,3-butadiene within 10 years
2025-11-11 00:40:45,721 - INFO - Step 04 completed successfully for 1,3-butadiene
2025-11-11 00:40:45,722 - INFO - Pipeline completed for 1,3-butadiene
2025-11-11 00:40:49,391 - INFO - Step 01 completed successfully for perfluorooctanesulfonic acid
2025-11-11 00:41:16,899 - INFO - Step 02 completed successfully for perfluorooctanesulfonic acid
2025-11-11 00:41:16,900 - INFO - Searching for alternatives in last 10 years for perfluorooctanesulfonic acid
2025-11-11 00:42:28,450 - INFO - Step 03 completed successfully for perfluorooctanesulfonic acid
2025-11-11 00:42:28,459 - INFO - Step03 results: 8/592 papers have alternatives
2025-11-11 00:42:28,459 - INFO - Found alternatives for perfluorooctanesulfonic acid within 10 years
2025-11-11 00:42:56,976 - INFO - Step 04 completed successfully for perfluorooctanesulfonic acid
2025-11-11 00:42:56,978 - INFO - Pipeline completed for perfluorooctanesulfonic acid
2025-11-11 00:43:00,316 - INFO - Step 01 completed successfully for lithium (perfluorooctane)sulfonate
2025-11-11 00:43:05,813 - INFO - Step 02 completed successfully for lithium (perfluorooctane)sulfonate
2025-11-11 00:43:05,814 - INFO - Searching for alternatives in last 10 years for lithium (perfluorooctane)sulfonate
2025-11-11 00:43:08,809 - INFO - Step 03 completed successfully for lithium (perfluorooctane)sulfonate
2025-11-11 00:43:08,811 - INFO - Step03 results: 0/4 papers have alternatives
2025-11-11 00:43:08,812 - INFO - No alternatives found in 10 years. Extending search to 20 years...
2025-11-11 00:43:08,818 - INFO - Searching for alternatives in last 20 years for lithium (perfluorooctane)sulfonate
2025-11-11 00:43:11,887 - INFO - Step 03 completed successfully for lithium (perfluorooctane)sulfonate
2025-11-11 00:43:11,888 - INFO - Step03 results: 0/6 papers have alternatives
2025-11-11 00:43:11,888 - INFO - No alternatives found in 20 years. Extending search to 30 years...
2025-11-11 00:43:11,893 - INFO - Searching for alternatives in last 30 years for lithium (perfluorooctane)sulfonate
2025-11-11 00:43:15,123 - INFO - Step 03 completed successfully for lithium (perfluorooctane)sulfonate
2025-11-11 00:43:15,124 - INFO - Step03 results: 0/11 papers have alternatives
2025-11-11 00:43:15,125 - INFO - Reached maximum search range of 30 years for lithium (perfluorooctane)sulfonate. No alternatives found.
2025-11-11 00:43:15,126 - WARNING - Step 03 failed for lithium (perfluorooctane)sulfonate, skipping remaining steps
2025-11-11 00:43:18,582 - INFO - Step 01 completed successfully for perfluorooctanesulfonyl fluoride
2025-11-11 00:43:22,073 - INFO - Step 02 completed successfully for perfluorooctanesulfonyl fluoride
2025-11-11 00:43:22,074 - INFO - Searching for alternatives in last 10 years for perfluorooctanesulfonyl fluoride
2025-11-11 00:43:25,378 - INFO - Step 03 completed successfully for perfluorooctanesulfonyl fluoride
2025-11-11 00:43:25,380 - INFO - Step03 results: 0/8 papers have alternatives
2025-11-11 00:43:25,381 - INFO - No alternatives found in 10 years. Extending search to 20 years...
2025-11-11 00:43:25,385 - INFO - Searching for alternatives in last 20 years for perfluorooctanesulfonyl fluoride
2025-11-11 00:43:28,662 - INFO - Step 03 completed successfully for perfluorooctanesulfonyl fluoride
2025-11-11 00:43:28,664 - INFO - Step03 results: 0/22 papers have alternatives
2025-11-11 00:43:28,664 - INFO - No alternatives found in 20 years. Extending search to 30 years...
2025-11-11 00:43:28,669 - INFO - Searching for alternatives in last 30 years for perfluorooctanesulfonyl fluoride
2025-11-11 00:43:32,121 - INFO - Step 03 completed successfully for perfluorooctanesulfonyl fluoride
2025-11-11 00:43:32,123 - INFO - Step03 results: 0/32 papers have alternatives
2025-11-11 00:43:32,124 - INFO - Reached maximum search range of 30 years for perfluorooctanesulfonyl fluoride. No alternatives found.
2025-11-11 00:43:32,124 - WARNING - Step 03 failed for perfluorooctanesulfonyl fluoride, skipping remaining steps
2025-11-11 00:44:11,375 - INFO - Step 01 completed successfully for perfluorooctanoic acid
2025-11-11 00:47:46,017 - INFO - Step 02 completed successfully for perfluorooctanoic acid
2025-11-11 00:47:46,019 - INFO - Searching for alternatives in last 10 years for perfluorooctanoic acid
2025-11-11 00:50:46,042 - INFO - Step 03 completed successfully for perfluorooctanoic acid
2025-11-11 00:50:46,086 - INFO - Step03 results: 37/2854 papers have alternatives
2025-11-11 00:50:46,088 - INFO - Found alternatives for perfluorooctanoic acid within 10 years
2025-11-11 00:52:33,496 - INFO - Step 04 completed successfully for perfluorooctanoic acid
2025-11-11 00:52:33,500 - INFO - Pipeline completed for perfluorooctanoic acid
2025-11-11 00:52:36,859 - INFO - Step 01 completed successfully for perfluorohexanesulfonic acid
2025-11-11 00:52:42,708 - INFO - Step 02 completed successfully for perfluorohexanesulfonic acid
2025-11-11 00:52:42,709 - INFO - Searching for alternatives in last 10 years for perfluorohexanesulfonic acid
2025-11-11 00:52:56,151 - INFO - Step 03 completed successfully for perfluorohexanesulfonic acid
2025-11-11 00:52:56,154 - INFO - Step03 results: 2/134 papers have alternatives
2025-11-11 00:52:56,154 - INFO - Found alternatives for perfluorohexanesulfonic acid within 10 years
2025-11-11 00:53:06,724 - INFO - Step 04 completed successfully for perfluorohexanesulfonic acid
2025-11-11 00:53:06,725 - INFO - Pipeline completed for perfluorohexanesulfonic acid
2025-11-11 00:54:36,070 - INFO - Step 01 completed successfully for chlorpyrifos
2025-11-11 01:03:10,863 - INFO - Step 02 completed successfully for chlorpyrifos
2025-11-11 01:03:10,866 - INFO - Searching for alternatives in last 10 years for chlorpyrifos
2025-11-11 01:06:54,634 - INFO - Step 03 completed successfully for chlorpyrifos
2025-11-11 01:06:54,662 - INFO - Step03 results: 74/3974 papers have alternatives
2025-11-11 01:06:54,663 - INFO - Found alternatives for chlorpyrifos within 10 years
2025-11-11 01:10:40,223 - INFO - Step 04 completed successfully for chlorpyrifos
2025-11-11 01:10:40,225 - INFO - Pipeline completed for chlorpyrifos
2025-11-11 01:10:50,448 - INFO - Step 01 completed successfully for dicofol
2025-11-11 01:11:54,062 - INFO - Step 02 completed successfully for dicofol
2025-11-11 01:11:54,063 - INFO - Searching for alternatives in last 10 years for dicofol
2025-11-11 01:12:05,980 - INFO - Step 03 completed successfully for dicofol
2025-11-11 01:12:05,983 - INFO - Step03 results: 1/229 papers have alternatives
2025-11-11 01:12:05,983 - INFO - Found alternatives for dicofol within 10 years
2025-11-11 01:12:09,563 - INFO - Step 04 completed successfully for dicofol
2025-11-11 01:12:09,564 - INFO - Pipeline completed for dicofol
2025-11-11 01:12:15,286 - INFO - Step 01 completed successfully for decabromodiphenyl ether
2025-11-11 01:13:19,719 - INFO - Step 02 completed successfully for decabromodiphenyl ether
2025-11-11 01:13:19,721 - INFO - Searching for alternatives in last 10 years for decabromodiphenyl ether
2025-11-11 01:13:44,693 - INFO - Step 03 completed successfully for decabromodiphenyl ether
2025-11-11 01:13:44,696 - INFO - Step03 results: 8/359 papers have alternatives
2025-11-11 01:13:44,696 - INFO - Found alternatives for decabromodiphenyl ether within 10 years
2025-11-11 01:14:12,180 - INFO - Step 04 completed successfully for decabromodiphenyl ether
2025-11-11 01:14:12,180 - INFO - Pipeline completed for decabromodiphenyl ether
2025-11-11 01:14:16,807 - INFO - Step 01 completed successfully for octabromodiphenyl ethers
2025-11-11 01:14:23,092 - INFO - Step 02 completed successfully for octabromodiphenyl ethers
2025-11-11 01:14:23,093 - INFO - Searching for alternatives in last 10 years for octabromodiphenyl ethers
2025-11-11 01:14:26,063 - INFO - Step 03 completed successfully for octabromodiphenyl ethers
2025-11-11 01:14:26,064 - INFO - Step03 results: 0/3 papers have alternatives
2025-11-11 01:14:26,064 - INFO - No alternatives found in 10 years. Extending search to 20 years...
2025-11-11 01:14:26,068 - INFO - Searching for alternatives in last 20 years for octabromodiphenyl ethers
2025-11-11 01:14:30,086 - INFO - Step 03 completed successfully for octabromodiphenyl ethers
2025-11-11 01:14:30,087 - INFO - Step03 results: 0/41 papers have alternatives
2025-11-11 01:14:30,087 - INFO - No alternatives found in 20 years. Extending search to 30 years...
2025-11-11 01:14:30,091 - INFO - Searching for alternatives in last 30 years for octabromodiphenyl ethers
2025-11-11 01:14:33,503 - INFO - Step 03 completed successfully for octabromodiphenyl ethers
2025-11-11 01:14:33,504 - INFO - Step03 results: 0/51 papers have alternatives
2025-11-11 01:14:33,504 - INFO - Reached maximum search range of 30 years for octabromodiphenyl ethers. No alternatives found.
2025-11-11 01:14:33,505 - WARNING - Step 03 failed for octabromodiphenyl ethers, skipping remaining steps
2025-11-11 01:14:36,902 - INFO - Step 01 completed successfully for tetrabromodiphenyl ether
2025-11-11 01:15:09,051 - INFO - Step 02 completed successfully for tetrabromodiphenyl ether
2025-11-11 01:15:09,052 - INFO - Searching for alternatives in last 10 years for tetrabromodiphenyl ether
2025-11-11 01:15:29,743 - INFO - Step 03 completed successfully for tetrabromodiphenyl ether
2025-11-11 01:15:29,747 - INFO - Step03 results: 1/255 papers have alternatives
2025-11-11 01:15:29,747 - INFO - Found alternatives for tetrabromodiphenyl ether within 10 years
2025-11-11 01:15:33,385 - INFO - Step 04 completed successfully for tetrabromodiphenyl ether
2025-11-11 01:15:33,385 - INFO - Pipeline completed for tetrabromodiphenyl ether
2025-11-11 01:16:55,435 - INFO - Step 01 completed successfully for cypermethrin
2025-11-11 01:22:16,544 - INFO - Step 02 completed successfully for cypermethrin
2025-11-11 01:22:16,546 - INFO - Searching for alternatives in last 10 years for cypermethrin
2025-11-11 01:31:11,940 - INFO - Step 03 completed successfully for cypermethrin
2025-11-11 01:31:12,019 - INFO - Step03 results: 98/3709 papers have alternatives
2025-11-11 01:31:12,020 - INFO - Found alternatives for cypermethrin within 10 years
2025-11-11 01:35:33,943 - INFO - Step 04 completed successfully for cypermethrin
2025-11-11 01:35:33,945 - INFO - Pipeline completed for cypermethrin
2025-11-11 01:35:38,562 - INFO - Step 01 completed successfully for isoprocarb
2025-11-11 01:35:49,214 - INFO - Step 02 completed successfully for isoprocarb
2025-11-11 01:35:49,215 - INFO - Searching for alternatives in last 10 years for isoprocarb
2025-11-11 01:35:56,332 - INFO - Step 03 completed successfully for isoprocarb
2025-11-11 01:35:56,335 - INFO - Step03 results: 0/75 papers have alternatives
2025-11-11 01:35:56,335 - INFO - No alternatives found in 10 years. Extending search to 20 years...
2025-11-11 01:35:56,341 - INFO - Searching for alternatives in last 20 years for isoprocarb
2025-11-11 01:36:04,375 - INFO - Step 03 completed successfully for isoprocarb
2025-11-11 01:36:04,379 - INFO - Step03 results: 0/210 papers have alternatives
2025-11-11 01:36:04,380 - INFO - No alternatives found in 20 years. Extending search to 30 years...
2025-11-11 01:36:04,385 - INFO - Searching for alternatives in last 30 years for isoprocarb
2025-11-11 01:36:14,388 - INFO - Step 03 completed successfully for isoprocarb
2025-11-11 01:36:14,390 - INFO - Step03 results: 0/240 papers have alternatives
2025-11-11 01:36:14,390 - INFO - Reached maximum search range of 30 years for isoprocarb. No alternatives found.
2025-11-11 01:36:14,391 - WARNING - Step 03 failed for isoprocarb, skipping remaining steps
2025-11-11 01:38:10,641 - INFO - Step 01 completed successfully for Dimethylformamide (DMF)
2025-11-11 01:47:45,351 - INFO - Step 02 completed successfully for Dimethylformamide (DMF)
2025-11-11 01:47:45,353 - INFO - Searching for alternatives in last 10 years for Dimethylformamide (DMF)
2025-11-11 01:50:53,579 - INFO - Step 03 completed successfully for Dimethylformamide (DMF)
2025-11-11 01:50:53,640 - INFO - Step03 results: 82/3442 papers have alternatives
2025-11-11 01:50:53,642 - INFO - Found alternatives for Dimethylformamide (DMF) within 10 years
2025-11-11 01:54:17,888 - INFO - Step 04 completed successfully for Dimethylformamide (DMF)
2025-11-11 01:54:17,891 - INFO - Pipeline completed for Dimethylformamide (DMF)
2025-11-11 01:54:21,574 - INFO - Step 01 completed successfully for Bis(2-ethylhexyl)phthalate (DEHP)
2025-11-11 01:54:43,245 - INFO - Step 02 completed successfully for Bis(2-ethylhexyl)phthalate (DEHP)
2025-11-11 01:54:43,245 - INFO - Searching for alternatives in last 10 years for Bis(2-ethylhexyl)phthalate (DEHP)
2025-11-11 01:54:57,729 - INFO - Step 03 completed successfully for Bis(2-ethylhexyl)phthalate (DEHP)
2025-11-11 01:54:57,732 - INFO - Step03 results: 4/233 papers have alternatives
2025-11-11 01:54:57,732 - INFO - Found alternatives for Bis(2-ethylhexyl)phthalate (DEHP) within 10 years
2025-11-11 01:55:13,121 - INFO - Step 04 completed successfully for Bis(2-ethylhexyl)phthalate (DEHP)
2025-11-11 01:55:13,122 - INFO - Pipeline completed for Bis(2-ethylhexyl)phthalate (DEHP)
2025-11-11 01:55:17,513 - INFO - Step 01 completed successfully for 1,3-Butadiene (BD)
2025-11-11 01:55:44,192 - INFO - Step 02 completed successfully for 1,3-Butadiene (BD)
2025-11-11 01:55:44,193 - INFO - Searching for alternatives in last 10 years for 1,3-Butadiene (BD)
2025-11-11 01:55:59,679 - INFO - Step 03 completed successfully for 1,3-Butadiene (BD)
2025-11-11 01:55:59,686 - INFO - Step03 results: 0/120 papers have alternatives
2025-11-11 01:55:59,686 - INFO - No alternatives found in 10 years. Extending search to 20 years...
2025-11-11 01:55:59,705 - INFO - Searching for alternatives in last 20 years for 1,3-Butadiene (BD)
2025-11-11 01:56:12,259 - INFO - Step 03 completed successfully for 1,3-Butadiene (BD)
2025-11-11 01:56:12,261 - INFO - Step03 results: 0/244 papers have alternatives
2025-11-11 01:56:12,261 - INFO - No alternatives found in 20 years. Extending search to 30 years...
2025-11-11 01:56:12,265 - INFO - Searching for alternatives in last 30 years for 1,3-Butadiene (BD)
2025-11-11 01:56:26,210 - INFO - Step 03 completed successfully for 1,3-Butadiene (BD)
2025-11-11 01:56:26,220 - INFO - Step03 results: 0/365 papers have alternatives
2025-11-11 01:56:26,221 - INFO - Reached maximum search range of 30 years for 1,3-Butadiene (BD). No alternatives found.
2025-11-11 01:56:26,221 - WARNING - Step 03 failed for 1,3-Butadiene (BD), skipping remaining steps
2025-11-11 01:57:46,938 - INFO - Step 01 completed successfully for Acetonitrile
2025-11-11 02:07:04,624 - INFO - Step 02 completed successfully for Acetonitrile
2025-11-11 02:07:04,626 - INFO - Searching for alternatives in last 10 years for Acetonitrile
2025-11-11 02:09:18,025 - INFO - Step 03 completed successfully for Acetonitrile
2025-11-11 02:09:18,074 - INFO - Step03 results: 12/2384 papers have alternatives
2025-11-11 02:09:18,075 - INFO - Found alternatives for Acetonitrile within 10 years
2025-11-11 02:09:52,230 - INFO - Step 04 completed successfully for Acetonitrile
2025-11-11 02:09:52,232 - INFO - Pipeline completed for Acetonitrile
2025-11-11 02:09:55,631 - INFO - Step 01 completed successfully for Dichlorodifluoromethane (R-12)
2025-11-11 02:10:01,004 - INFO - Step 02 completed successfully for Dichlorodifluoromethane (R-12)
2025-11-11 02:10:01,005 - INFO - Searching for alternatives in last 10 years for Dichlorodifluoromethane (R-12)
2025-11-11 02:10:04,503 - INFO - Step 03 completed successfully for Dichlorodifluoromethane (R-12)
2025-11-11 02:10:04,505 - INFO - Step03 results: 0/8 papers have alternatives
2025-11-11 02:10:04,505 - INFO - No alternatives found in 10 years. Extending search to 20 years...
2025-11-11 02:10:04,511 - INFO - Searching for alternatives in last 20 years for Dichlorodifluoromethane (R-12)
2025-11-11 02:10:08,789 - INFO - Step 03 completed successfully for Dichlorodifluoromethane (R-12)
2025-11-11 02:10:08,790 - INFO - Step03 results: 0/15 papers have alternatives
2025-11-11 02:10:08,790 - INFO - No alternatives found in 20 years. Extending search to 30 years...
2025-11-11 02:10:08,793 - INFO - Searching for alternatives in last 30 years for Dichlorodifluoromethane (R-12)
2025-11-11 02:10:12,010 - INFO - Step 03 completed successfully for Dichlorodifluoromethane (R-12)
2025-11-11 02:10:12,012 - INFO - Step03 results: 0/22 papers have alternatives
2025-11-11 02:10:12,012 - INFO - Reached maximum search range of 30 years for Dichlorodifluoromethane (R-12). No alternatives found.
2025-11-11 02:10:12,013 - WARNING - Step 03 failed for Dichlorodifluoromethane (R-12), skipping remaining steps
2025-11-11 02:10:43,418 - INFO - Step 01 completed successfully for Tetrachloroethylene
2025-11-11 02:14:08,637 - INFO - Step 02 completed successfully for Tetrachloroethylene
2025-11-11 02:14:08,642 - INFO - Searching for alternatives in last 10 years for Tetrachloroethylene
2025-11-11 02:14:34,971 - INFO - Step 03 completed successfully for Tetrachloroethylene
2025-11-11 02:14:34,979 - INFO - Step03 results: 3/433 papers have alternatives
2025-11-11 02:14:34,980 - INFO - Found alternatives for Tetrachloroethylene within 10 years
2025-11-11 02:14:42,551 - INFO - Step 04 completed successfully for Tetrachloroethylene
2025-11-11 02:14:42,553 - INFO - Pipeline completed for Tetrachloroethylene
2025-11-11 02:14:47,148 - INFO - Step 01 completed successfully for Nonylphenol Ethoxylates (NPEs)
2025-11-11 02:14:59,503 - INFO - Step 02 completed successfully for Nonylphenol Ethoxylates (NPEs)
2025-11-11 02:14:59,504 - INFO - Searching for alternatives in last 10 years for Nonylphenol Ethoxylates (NPEs)
2025-11-11 02:15:04,352 - INFO - Step 03 completed successfully for Nonylphenol Ethoxylates (NPEs)
2025-11-11 02:15:04,354 - INFO - Step03 results: 0/32 papers have alternatives
2025-11-11 02:15:04,354 - INFO - No alternatives found in 10 years. Extending search to 20 years...
2025-11-11 02:15:04,359 - INFO - Searching for alternatives in last 20 years for Nonylphenol Ethoxylates (NPEs)
2025-11-11 02:15:29,429 - INFO - Step 03 completed successfully for Nonylphenol Ethoxylates (NPEs)
2025-11-11 02:15:29,437 - INFO - Step03 results: 2/79 papers have alternatives
2025-11-11 02:15:29,440 - INFO - Found alternatives for Nonylphenol Ethoxylates (NPEs) within 20 years
2025-11-11 02:15:34,780 - INFO - Step 04 completed successfully for Nonylphenol Ethoxylates (NPEs)
2025-11-11 02:15:34,781 - INFO - Pipeline completed for Nonylphenol Ethoxylates (NPEs)
2025-11-11 02:16:58,857 - INFO - Step 01 completed successfully for Methylene Chloride
2025-11-11 02:27:00,798 - INFO - Step 02 completed successfully for Methylene Chloride
2025-11-11 02:27:00,801 - INFO - Searching for alternatives in last 10 years for Methylene Chloride
2025-11-11 02:33:13,887 - INFO - Step 03 completed successfully for Methylene Chloride
2025-11-11 02:33:13,909 - INFO - Step03 results: 6/1792 papers have alternatives
2025-11-11 02:33:13,909 - INFO - Found alternatives for Methylene Chloride within 10 years
2025-11-11 02:33:29,417 - INFO - Step 04 completed successfully for Methylene Chloride
2025-11-11 02:33:29,418 - INFO - Pipeline completed for Methylene Chloride
2025-11-11 02:33:33,329 - INFO - Step 01 completed successfully for Diisononyl phthalate (DINP)
2025-11-11 02:33:48,878 - INFO - Step 02 completed successfully for Diisononyl phthalate (DINP)
2025-11-11 02:33:48,879 - INFO - Searching for alternatives in last 10 years for Diisononyl phthalate (DINP)
2025-11-11 02:33:59,545 - INFO - Step 03 completed successfully for Diisononyl phthalate (DINP)
2025-11-11 02:33:59,547 - INFO - Step03 results: 7/136 papers have alternatives
2025-11-11 02:33:59,547 - INFO - Found alternatives for Diisononyl phthalate (DINP) within 10 years
2025-11-11 02:34:19,313 - INFO - Step 04 completed successfully for Diisononyl phthalate (DINP)
2025-11-11 02:34:19,313 - INFO - Pipeline completed for Diisononyl phthalate (DINP)
2025-11-11 02:34:25,066 - INFO - Step 01 completed successfully for Tetrabromobisphenol A (TBBPA)
2025-11-11 02:35:15,576 - INFO - Step 02 completed successfully for Tetrabromobisphenol A (TBBPA)
2025-11-11 02:35:15,578 - INFO - Searching for alternatives in last 10 years for Tetrabromobisphenol A (TBBPA)
2025-11-11 02:38:15,506 - INFO - Step 03 completed successfully for Tetrabromobisphenol A (TBBPA)
2025-11-11 02:38:15,514 - INFO - Step03 results: 3/480 papers have alternatives
2025-11-11 02:38:15,515 - INFO - Found alternatives for Tetrabromobisphenol A (TBBPA) within 10 years
2025-11-11 02:38:27,325 - INFO - Step 04 completed successfully for Tetrabromobisphenol A (TBBPA)
2025-11-11 02:38:27,326 - INFO - Pipeline completed for Tetrabromobisphenol A (TBBPA)
2025-11-11 02:38:32,884 - INFO - Step 01 completed successfully for Hexabromocyclododecane (HBCD)
2025-11-11 02:39:16,641 - INFO - Step 02 completed successfully for Hexabromocyclododecane (HBCD)
2025-11-11 02:39:16,643 - INFO - Searching for alternatives in last 10 years for Hexabromocyclododecane (HBCD)
2025-11-11 02:39:32,050 - INFO - Step 03 completed successfully for Hexabromocyclododecane (HBCD)
2025-11-11 02:39:32,059 - INFO - Step03 results: 3/248 papers have alternatives
2025-11-11 02:39:32,060 - INFO - Found alternatives for Hexabromocyclododecane (HBCD) within 10 years
2025-11-11 02:39:41,724 - INFO - Step 04 completed successfully for Hexabromocyclododecane (HBCD)
2025-11-11 02:39:41,724 - INFO - Pipeline completed for Hexabromocyclododecane (HBCD)
2025-11-11 03:33:49,114 - INFO - Step 01 completed successfully for lithium (perfluorooctane)sulfonate
2025-11-11 03:33:52,493 - INFO - Step 02 completed successfully for lithium (perfluorooctane)sulfonate
2025-11-11 03:33:52,493 - INFO - Searching for alternatives in last 10 years for lithium (perfluorooctane)sulfonate
2025-11-11 03:33:55,300 - INFO - Step 03 completed successfully for lithium (perfluorooctane)sulfonate
2025-11-11 03:33:55,301 - INFO - Step03 results: 0/4 papers have alternatives
2025-11-11 03:33:55,301 - INFO - No alternatives found in 10 years. Extending search to 20 years...
2025-11-11 03:33:55,305 - INFO - Searching for alternatives in last 20 years for lithium (perfluorooctane)sulfonate
2025-11-11 03:34:00,056 - INFO - Step 03 completed successfully for lithium (perfluorooctane)sulfonate
2025-11-11 03:34:00,056 - INFO - Step03 results: 0/6 papers have alternatives
2025-11-11 03:34:00,057 - INFO - No alternatives found in 20 years. Extending search to 30 years...
2025-11-11 03:34:00,061 - INFO - Searching for alternatives in last 30 years for lithium (perfluorooctane)sulfonate
2025-11-11 03:34:03,452 - INFO - Step 03 completed successfully for lithium (perfluorooctane)sulfonate
2025-11-11 03:34:03,453 - INFO - Step03 results: 0/11 papers have alternatives
2025-11-11 03:34:03,453 - INFO - Reached maximum search range of 30 years for lithium (perfluorooctane)sulfonate. No alternatives found.
2025-11-11 03:34:03,454 - WARNING - Step 03 failed for lithium (perfluorooctane)sulfonate, skipping remaining steps
2025-11-11 03:34:06,813 - INFO - Step 01 completed successfully for perfluorooctanesulfonyl fluoride
2025-11-11 03:34:10,579 - INFO - Step 02 completed successfully for perfluorooctanesulfonyl fluoride
2025-11-11 03:34:10,579 - INFO - Searching for alternatives in last 10 years for perfluorooctanesulfonyl fluoride
2025-11-11 03:34:14,068 - INFO - Step 03 completed successfully for perfluorooctanesulfonyl fluoride
2025-11-11 03:34:14,068 - INFO - Step03 results: 0/8 papers have alternatives
2025-11-11 03:34:14,069 - INFO - No alternatives found in 10 years. Extending search to 20 years...
2025-11-11 03:34:14,073 - INFO - Searching for alternatives in last 20 years for perfluorooctanesulfonyl fluoride
2025-11-11 03:34:17,334 - INFO - Step 03 completed successfully for perfluorooctanesulfonyl fluoride
2025-11-11 03:34:17,335 - INFO - Step03 results: 0/22 papers have alternatives
2025-11-11 03:34:17,335 - INFO - No alternatives found in 20 years. Extending search to 30 years...
2025-11-11 03:34:17,339 - INFO - Searching for alternatives in last 30 years for perfluorooctanesulfonyl fluoride
2025-11-11 03:34:21,596 - INFO - Step 03 completed successfully for perfluorooctanesulfonyl fluoride
2025-11-11 03:34:21,598 - INFO - Step03 results: 0/32 papers have alternatives
2025-11-11 03:34:21,598 - INFO - Reached maximum search range of 30 years for perfluorooctanesulfonyl fluoride. No alternatives found.
2025-11-11 03:34:21,598 - WARNING - Step 03 failed for perfluorooctanesulfonyl fluoride, skipping remaining steps
2025-11-11 03:34:24,568 - INFO - Step 01 completed successfully for octabromodiphenyl ethers
2025-11-11 03:34:30,304 - INFO - Step 02 completed successfully for octabromodiphenyl ethers
2025-11-11 03:34:30,304 - INFO - Searching for alternatives in last 10 years for octabromodiphenyl ethers
2025-11-11 03:34:33,093 - INFO - Step 03 completed successfully for octabromodiphenyl ethers
2025-11-11 03:34:33,094 - INFO - Step03 results: 0/3 papers have alternatives
2025-11-11 03:34:33,094 - INFO - No alternatives found in 10 years. Extending search to 20 years...
2025-11-11 03:34:33,098 - INFO - Searching for alternatives in last 20 years for octabromodiphenyl ethers
2025-11-11 03:34:36,734 - INFO - Step 03 completed successfully for octabromodiphenyl ethers
2025-11-11 03:34:36,735 - INFO - Step03 results: 0/41 papers have alternatives
2025-11-11 03:34:36,735 - INFO - No alternatives found in 20 years. Extending search to 30 years...
2025-11-11 03:34:36,740 - INFO - Searching for alternatives in last 30 years for octabromodiphenyl ethers
2025-11-11 03:34:40,623 - INFO - Step 03 completed successfully for octabromodiphenyl ethers
2025-11-11 03:34:40,624 - INFO - Step03 results: 0/51 papers have alternatives
2025-11-11 03:34:40,624 - INFO - Reached maximum search range of 30 years for octabromodiphenyl ethers. No alternatives found.
2025-11-11 03:34:40,624 - WARNING - Step 03 failed for octabromodiphenyl ethers, skipping remaining steps
2025-11-11 03:34:43,588 - INFO - Step 01 completed successfully for isoprocarb
2025-11-11 03:34:53,706 - INFO - Step 02 completed successfully for isoprocarb
2025-11-11 03:34:53,707 - INFO - Searching for alternatives in last 10 years for isoprocarb
2025-11-11 03:34:59,624 - INFO - Step 03 completed successfully for isoprocarb
2025-11-11 03:34:59,625 - INFO - Step03 results: 0/75 papers have alternatives
2025-11-11 03:34:59,625 - INFO - No alternatives found in 10 years. Extending search to 20 years...
2025-11-11 03:34:59,630 - INFO - Searching for alternatives in last 20 years for isoprocarb
2025-11-11 03:35:07,303 - INFO - Step 03 completed successfully for isoprocarb
2025-11-11 03:35:07,305 - INFO - Step03 results: 0/210 papers have alternatives
2025-11-11 03:35:07,305 - INFO - No alternatives found in 20 years. Extending search to 30 years...
2025-11-11 03:35:07,308 - INFO - Searching for alternatives in last 30 years for isoprocarb
2025-11-11 03:35:14,715 - INFO - Step 03 completed successfully for isoprocarb
2025-11-11 03:35:14,718 - INFO - Step03 results: 0/240 papers have alternatives
2025-11-11 03:35:14,718 - INFO - Reached maximum search range of 30 years for isoprocarb. No alternatives found.
2025-11-11 03:35:14,718 - WARNING - Step 03 failed for isoprocarb, skipping remaining steps
2025-11-11 03:35:18,329 - INFO - Step 01 completed successfully for 1,3-Butadiene (BD)
2025-11-11 03:35:45,509 - INFO - Step 02 completed successfully for 1,3-Butadiene (BD)
2025-11-11 03:35:45,510 - INFO - Searching for alternatives in last 10 years for 1,3-Butadiene (BD)
2025-11-11 03:35:54,251 - INFO - Step 03 completed successfully for 1,3-Butadiene (BD)
2025-11-11 03:35:54,253 - INFO - Step03 results: 0/120 papers have alternatives
2025-11-11 03:35:54,253 - INFO - No alternatives found in 10 years. Extending search to 20 years...
2025-11-11 03:35:54,257 - INFO - Searching for alternatives in last 20 years for 1,3-Butadiene (BD)
2025-11-11 03:36:05,090 - INFO - Step 03 completed successfully for 1,3-Butadiene (BD)
2025-11-11 03:36:05,092 - INFO - Step03 results: 0/244 papers have alternatives
2025-11-11 03:36:05,092 - INFO - No alternatives found in 20 years. Extending search to 30 years...
2025-11-11 03:36:05,097 - INFO - Searching for alternatives in last 30 years for 1,3-Butadiene (BD)
2025-11-11 03:36:17,445 - INFO - Step 03 completed successfully for 1,3-Butadiene (BD)
2025-11-11 03:36:17,448 - INFO - Step03 results: 0/365 papers have alternatives
2025-11-11 03:36:17,449 - INFO - Reached maximum search range of 30 years for 1,3-Butadiene (BD). No alternatives found.
2025-11-11 03:36:17,449 - WARNING - Step 03 failed for 1,3-Butadiene (BD), skipping remaining steps
2025-11-11 03:36:21,209 - INFO - Step 01 completed successfully for Dichlorodifluoromethane (R-12)
2025-11-11 03:36:25,590 - INFO - Step 02 completed successfully for Dichlorodifluoromethane (R-12)
2025-11-11 03:36:25,590 - INFO - Searching for alternatives in last 10 years for Dichlorodifluoromethane (R-12)
2025-11-11 03:36:28,472 - INFO - Step 03 completed successfully for Dichlorodifluoromethane (R-12)
2025-11-11 03:36:28,473 - INFO - Step03 results: 0/8 papers have alternatives
2025-11-11 03:36:28,474 - INFO - No alternatives found in 10 years. Extending search to 20 years...
2025-11-11 03:36:28,479 - INFO - Searching for alternatives in last 20 years for Dichlorodifluoromethane (R-12)
2025-11-11 03:36:31,935 - INFO - Step 03 completed successfully for Dichlorodifluoromethane (R-12)
2025-11-11 03:36:31,935 - INFO - Step03 results: 0/15 papers have alternatives
2025-11-11 03:36:31,935 - INFO - No alternatives found in 20 years. Extending search to 30 years...
2025-11-11 03:36:31,940 - INFO - Searching for alternatives in last 30 years for Dichlorodifluoromethane (R-12)
2025-11-11 03:36:36,852 - INFO - Step 03 completed successfully for Dichlorodifluoromethane (R-12)
2025-11-11 03:36:36,853 - INFO - Step03 results: 0/22 papers have alternatives
2025-11-11 03:36:36,853 - INFO - Reached maximum search range of 30 years for Dichlorodifluoromethane (R-12). No alternatives found.
2025-11-11 03:36:36,854 - WARNING - Step 03 failed for Dichlorodifluoromethane (R-12), skipping remaining steps
2025-11-11 03:50:38,779 - INFO - Step 01 completed successfully for lithium (perfluorooctane)sulfonate
2025-11-11 03:50:42,590 - INFO - Step 02 completed successfully for lithium (perfluorooctane)sulfonate
2025-11-11 03:50:42,590 - INFO - Searching for alternatives in last 10 years for lithium (perfluorooctane)sulfonate
2025-11-11 03:50:46,545 - INFO - Step 03 completed successfully for lithium (perfluorooctane)sulfonate
2025-11-11 03:50:46,546 - INFO - Step03 results: 0/4 papers have alternatives
2025-11-11 03:50:46,546 - INFO - No alternatives found in 10 years. Extending search to 20 years...
2025-11-11 03:50:46,551 - INFO - Searching for alternatives in last 20 years for lithium (perfluorooctane)sulfonate
2025-11-11 03:50:50,005 - INFO - Step 03 completed successfully for lithium (perfluorooctane)sulfonate
2025-11-11 03:50:50,005 - INFO - Step03 results: 0/6 papers have alternatives
2025-11-11 03:50:50,006 - INFO - No alternatives found in 20 years. Extending search to 30 years...
2025-11-11 03:50:50,010 - INFO - Searching for alternatives in last 30 years for lithium (perfluorooctane)sulfonate
2025-11-11 03:50:54,371 - INFO - Step 03 completed successfully for lithium (perfluorooctane)sulfonate
2025-11-11 03:50:54,372 - INFO - Step03 results: 0/11 papers have alternatives
2025-11-11 03:50:54,372 - INFO - Reached maximum search range of 30 years for lithium (perfluorooctane)sulfonate. No alternatives found.
2025-11-11 03:50:54,374 - WARNING - Step 03 failed for lithium (perfluorooctane)sulfonate, skipping remaining steps
2025-11-11 03:50:56,800 - INFO - Step 01 completed successfully for perfluorooctanesulfonyl fluoride
2025-11-11 03:51:00,376 - INFO - Step 02 completed successfully for perfluorooctanesulfonyl fluoride
2025-11-11 03:51:00,376 - INFO - Searching for alternatives in last 10 years for perfluorooctanesulfonyl fluoride
2025-11-11 03:51:04,045 - INFO - Step 03 completed successfully for perfluorooctanesulfonyl fluoride
2025-11-11 03:51:04,046 - INFO - Step03 results: 0/8 papers have alternatives
2025-11-11 03:51:04,046 - INFO - No alternatives found in 10 years. Extending search to 20 years...
2025-11-11 03:51:04,052 - INFO - Searching for alternatives in last 20 years for perfluorooctanesulfonyl fluoride
2025-11-11 03:51:07,638 - INFO - Step 03 completed successfully for perfluorooctanesulfonyl fluoride
2025-11-11 03:51:07,639 - INFO - Step03 results: 0/22 papers have alternatives
2025-11-11 03:51:07,639 - INFO - No alternatives found in 20 years. Extending search to 30 years...
2025-11-11 03:51:07,644 - INFO - Searching for alternatives in last 30 years for perfluorooctanesulfonyl fluoride
2025-11-11 03:51:11,655 - INFO - Step 03 completed successfully for perfluorooctanesulfonyl fluoride
2025-11-11 03:51:11,655 - INFO - Step03 results: 0/32 papers have alternatives
2025-11-11 03:51:11,656 - INFO - Reached maximum search range of 30 years for perfluorooctanesulfonyl fluoride. No alternatives found.
2025-11-11 03:51:11,657 - WARNING - Step 03 failed for perfluorooctanesulfonyl fluoride, skipping remaining steps
2025-11-11 03:51:14,958 - INFO - Step 01 completed successfully for octabromodiphenyl ethers
2025-11-11 03:51:20,472 - INFO - Step 02 completed successfully for octabromodiphenyl ethers
2025-11-11 03:51:20,473 - INFO - Searching for alternatives in last 10 years for octabromodiphenyl ethers
2025-11-11 03:51:23,507 - INFO - Step 03 completed successfully for octabromodiphenyl ethers
2025-11-11 03:51:23,508 - INFO - Step03 results: 0/3 papers have alternatives
2025-11-11 03:51:23,508 - INFO - No alternatives found in 10 years. Extending search to 20 years...
2025-11-11 03:51:23,512 - INFO - Searching for alternatives in last 20 years for octabromodiphenyl ethers
2025-11-11 03:51:27,822 - INFO - Step 03 completed successfully for octabromodiphenyl ethers
2025-11-11 03:51:27,823 - INFO - Step03 results: 0/41 papers have alternatives
2025-11-11 03:51:27,824 - INFO - No alternatives found in 20 years. Extending search to 30 years...
2025-11-11 03:51:27,828 - INFO - Searching for alternatives in last 30 years for octabromodiphenyl ethers
2025-11-11 03:51:32,042 - INFO - Step 03 completed successfully for octabromodiphenyl ethers
2025-11-11 03:51:32,043 - INFO - Step03 results: 0/51 papers have alternatives
2025-11-11 03:51:32,043 - INFO - Reached maximum search range of 30 years for octabromodiphenyl ethers. No alternatives found.
2025-11-11 03:51:32,044 - WARNING - Step 03 failed for octabromodiphenyl ethers, skipping remaining steps
2025-11-11 03:51:37,089 - INFO - Step 01 completed successfully for isoprocarb
2025-11-11 03:51:46,884 - INFO - Step 02 completed successfully for isoprocarb
2025-11-11 03:51:46,884 - INFO - Searching for alternatives in last 10 years for isoprocarb
2025-11-11 03:51:53,911 - INFO - Step 03 completed successfully for isoprocarb
2025-11-11 03:51:53,913 - INFO - Step03 results: 0/75 papers have alternatives
2025-11-11 03:51:53,913 - INFO - No alternatives found in 10 years. Extending search to 20 years...
2025-11-11 03:51:53,918 - INFO - Searching for alternatives in last 20 years for isoprocarb
2025-11-11 03:52:02,414 - INFO - Step 03 completed successfully for isoprocarb
2025-11-11 03:52:02,415 - INFO - Step03 results: 0/210 papers have alternatives
2025-11-11 03:52:02,416 - INFO - No alternatives found in 20 years. Extending search to 30 years...
2025-11-11 03:52:02,420 - INFO - Searching for alternatives in last 30 years for isoprocarb
2025-11-11 03:52:09,423 - INFO - Step 03 completed successfully for isoprocarb
2025-11-11 03:52:09,425 - INFO - Step03 results: 0/240 papers have alternatives
2025-11-11 03:52:09,425 - INFO - Reached maximum search range of 30 years for isoprocarb. No alternatives found.
2025-11-11 03:52:09,426 - WARNING - Step 03 failed for isoprocarb, skipping remaining steps
2025-11-11 03:52:14,007 - INFO - Step 01 completed successfully for 1,3-Butadiene (BD)
2025-11-11 03:52:39,942 - INFO - Step 02 completed successfully for 1,3-Butadiene (BD)
2025-11-11 03:52:39,942 - INFO - Searching for alternatives in last 10 years for 1,3-Butadiene (BD)
2025-11-11 03:52:49,833 - INFO - Step 03 completed successfully for 1,3-Butadiene (BD)
2025-11-11 03:52:49,834 - INFO - Step03 results: 0/120 papers have alternatives
2025-11-11 03:52:49,835 - INFO - No alternatives found in 10 years. Extending search to 20 years...
2025-11-11 03:52:49,838 - INFO - Searching for alternatives in last 20 years for 1,3-Butadiene (BD)
2025-11-11 03:53:02,654 - INFO - Step 03 completed successfully for 1,3-Butadiene (BD)
2025-11-11 03:53:02,656 - INFO - Step03 results: 1/244 papers have alternatives
2025-11-11 03:53:02,656 - INFO - Found alternatives for 1,3-Butadiene (BD) within 20 years
2025-11-11 03:53:07,470 - INFO - Step 04 completed successfully for 1,3-Butadiene (BD)
2025-11-11 03:53:07,470 - INFO - Pipeline completed for 1,3-Butadiene (BD)
2025-11-11 03:53:10,516 - INFO - Step 01 completed successfully for Dichlorodifluoromethane (R-12)
2025-11-11 03:53:14,227 - INFO - Step 02 completed successfully for Dichlorodifluoromethane (R-12)
2025-11-11 03:53:14,227 - INFO - Searching for alternatives in last 10 years for Dichlorodifluoromethane (R-12)
2025-11-11 03:53:18,121 - INFO - Step 03 completed successfully for Dichlorodifluoromethane (R-12)
2025-11-11 03:53:18,122 - INFO - Step03 results: 0/8 papers have alternatives
2025-11-11 03:53:18,122 - INFO - No alternatives found in 10 years. Extending search to 20 years...
2025-11-11 03:53:18,127 - INFO - Searching for alternatives in last 20 years for Dichlorodifluoromethane (R-12)
2025-11-11 03:53:22,659 - INFO - Step 03 completed successfully for Dichlorodifluoromethane (R-12)
2025-11-11 03:53:22,660 - INFO - Step03 results: 0/15 papers have alternatives
2025-11-11 03:53:22,660 - INFO - No alternatives found in 20 years. Extending search to 30 years...
2025-11-11 03:53:22,666 - INFO - Searching for alternatives in last 30 years for Dichlorodifluoromethane (R-12)
2025-11-11 03:53:26,095 - INFO - Step 03 completed successfully for Dichlorodifluoromethane (R-12)
2025-11-11 03:53:26,096 - INFO - Step03 results: 0/22 papers have alternatives
2025-11-11 03:53:26,096 - INFO - Reached maximum search range of 30 years for Dichlorodifluoromethane (R-12). No alternatives found.
2025-11-11 03:53:26,098 - WARNING - Step 03 failed for Dichlorodifluoromethane (R-12), skipping remaining steps
2025-11-11 04:06:56,693 - INFO - Step 01 completed successfully for lithium (perfluorooctane)sulfonate
2025-11-11 04:07:00,669 - INFO - Step 02 completed successfully for lithium (perfluorooctane)sulfonate
2025-11-11 04:07:00,670 - INFO - Searching for alternatives in last 10 years for lithium (perfluorooctane)sulfonate
2025-11-11 04:07:03,650 - INFO - Step 03 completed successfully for lithium (perfluorooctane)sulfonate
2025-11-11 04:07:03,651 - INFO - Step03 results: 0/4 papers have alternatives
2025-11-11 04:07:03,651 - INFO - No alternatives found in 10 years. Extending search to 20 years...
2025-11-11 04:07:03,656 - INFO - Searching for alternatives in last 20 years for lithium (perfluorooctane)sulfonate
2025-11-11 04:07:08,858 - INFO - Step 03 completed successfully for lithium (perfluorooctane)sulfonate
2025-11-11 04:07:08,859 - INFO - Step03 results: 0/6 papers have alternatives
2025-11-11 04:07:08,859 - INFO - No alternatives found in 20 years. Extending search to 30 years...
2025-11-11 04:07:08,863 - INFO - Searching for alternatives in last 30 years for lithium (perfluorooctane)sulfonate
2025-11-11 04:07:12,163 - INFO - Step 03 completed successfully for lithium (perfluorooctane)sulfonate
2025-11-11 04:07:12,164 - INFO - Step03 results: 0/11 papers have alternatives
2025-11-11 04:07:12,164 - INFO - Reached maximum search range of 30 years for lithium (perfluorooctane)sulfonate. No alternatives found.
2025-11-11 04:07:12,166 - INFO - Created no paper found file: final_output\20251111_23677927.json
2025-11-11 04:07:12,166 - WARNING - Step 03 failed for lithium (perfluorooctane)sulfonate, skipping remaining steps
2025-11-11 04:07:16,350 - INFO - Step 01 completed successfully for perfluorooctanesulfonyl fluoride
2025-11-11 04:07:20,268 - INFO - Step 02 completed successfully for perfluorooctanesulfonyl fluoride
2025-11-11 04:07:20,268 - INFO - Searching for alternatives in last 10 years for perfluorooctanesulfonyl fluoride
2025-11-11 04:07:25,101 - INFO - Step 03 completed successfully for perfluorooctanesulfonyl fluoride
2025-11-11 04:07:25,103 - INFO - Step03 results: 0/8 papers have alternatives
2025-11-11 04:07:25,103 - INFO - No alternatives found in 10 years. Extending search to 20 years...
2025-11-11 04:07:25,108 - INFO - Searching for alternatives in last 20 years for perfluorooctanesulfonyl fluoride
2025-11-11 04:07:29,262 - INFO - Step 03 completed successfully for perfluorooctanesulfonyl fluoride
2025-11-11 04:07:29,263 - INFO - Step03 results: 0/22 papers have alternatives
2025-11-11 04:07:29,263 - INFO - No alternatives found in 20 years. Extending search to 30 years...
2025-11-11 04:07:29,269 - INFO - Searching for alternatives in last 30 years for perfluorooctanesulfonyl fluoride
2025-11-11 04:07:33,599 - INFO - Step 03 completed successfully for perfluorooctanesulfonyl fluoride
2025-11-11 04:07:33,601 - INFO - Step03 results: 0/32 papers have alternatives
2025-11-11 04:07:33,601 - INFO - Reached maximum search range of 30 years for perfluorooctanesulfonyl fluoride. No alternatives found.
2025-11-11 04:07:33,604 - INFO - Created no paper found file: final_output\20251111_9388.json
2025-11-11 04:07:33,604 - WARNING - Step 03 failed for perfluorooctanesulfonyl fluoride, skipping remaining steps
2025-11-11 04:07:36,509 - INFO - Step 01 completed successfully for octabromodiphenyl ethers
2025-11-11 04:07:42,900 - INFO - Step 02 completed successfully for octabromodiphenyl ethers
2025-11-11 04:07:42,900 - INFO - Searching for alternatives in last 10 years for octabromodiphenyl ethers
2025-11-11 04:07:45,798 - INFO - Step 03 completed successfully for octabromodiphenyl ethers
2025-11-11 04:07:45,798 - INFO - Step03 results: 0/3 papers have alternatives
2025-11-11 04:07:45,799 - INFO - No alternatives found in 10 years. Extending search to 20 years...
2025-11-11 04:07:45,804 - INFO - Searching for alternatives in last 20 years for octabromodiphenyl ethers
2025-11-11 04:07:49,756 - INFO - Step 03 completed successfully for octabromodiphenyl ethers
2025-11-11 04:07:49,757 - INFO - Step03 results: 0/41 papers have alternatives
2025-11-11 04:07:49,757 - INFO - No alternatives found in 20 years. Extending search to 30 years...
2025-11-11 04:07:49,764 - INFO - Searching for alternatives in last 30 years for octabromodiphenyl ethers
2025-11-11 04:07:53,357 - INFO - Step 03 completed successfully for octabromodiphenyl ethers
2025-11-11 04:07:53,358 - INFO - Step03 results: 0/51 papers have alternatives
2025-11-11 04:07:53,358 - INFO - Reached maximum search range of 30 years for octabromodiphenyl ethers. No alternatives found.
2025-11-11 04:07:53,361 - INFO - Created no paper found file: final_output\20251111_6537506.json
2025-11-11 04:07:53,361 - WARNING - Step 03 failed for octabromodiphenyl ethers, skipping remaining steps
2025-11-11 04:07:56,802 - INFO - Step 01 completed successfully for isoprocarb
2025-11-11 04:08:07,562 - INFO - Step 02 completed successfully for isoprocarb
2025-11-11 04:08:07,563 - INFO - Searching for alternatives in last 10 years for isoprocarb
2025-11-11 04:08:14,017 - INFO - Step 03 completed successfully for isoprocarb
2025-11-11 04:08:14,019 - INFO - Step03 results: 0/75 papers have alternatives
2025-11-11 04:08:14,019 - INFO - No alternatives found in 10 years. Extending search to 20 years...
2025-11-11 04:08:14,024 - INFO - Searching for alternatives in last 20 years for isoprocarb
2025-11-11 04:08:35,075 - INFO - Step 03 completed successfully for isoprocarb
2025-11-11 04:08:35,077 - INFO - Step03 results: 0/210 papers have alternatives
2025-11-11 04:08:35,077 - INFO - No alternatives found in 20 years. Extending search to 30 years...
2025-11-11 04:08:35,081 - INFO - Searching for alternatives in last 30 years for isoprocarb
2025-11-11 04:08:42,942 - INFO - Step 03 completed successfully for isoprocarb
2025-11-11 04:08:42,944 - INFO - Step03 results: 0/240 papers have alternatives
2025-11-11 04:08:42,944 - INFO - Reached maximum search range of 30 years for isoprocarb. No alternatives found.
2025-11-11 04:08:42,946 - INFO - Created no paper found file: final_output\20251111_17517.json
2025-11-11 04:08:42,947 - WARNING - Step 03 failed for isoprocarb, skipping remaining steps
2025-11-11 04:08:47,729 - INFO - Step 01 completed successfully for 1,3-Butadiene (BD)
2025-11-11 04:09:16,447 - INFO - Step 02 completed successfully for 1,3-Butadiene (BD)
2025-11-11 04:09:16,447 - INFO - Searching for alternatives in last 10 years for 1,3-Butadiene (BD)
2025-11-11 04:09:25,763 - INFO - Step 03 completed successfully for 1,3-Butadiene (BD)
2025-11-11 04:09:25,764 - INFO - Step03 results: 0/120 papers have alternatives
2025-11-11 04:09:25,764 - INFO - No alternatives found in 10 years. Extending search to 20 years...
2025-11-11 04:09:25,769 - INFO - Searching for alternatives in last 20 years for 1,3-Butadiene (BD)
2025-11-11 04:09:38,036 - INFO - Step 03 completed successfully for 1,3-Butadiene (BD)
2025-11-11 04:09:38,038 - INFO - Step03 results: 1/244 papers have alternatives
2025-11-11 04:09:38,038 - INFO - Found alternatives for 1,3-Butadiene (BD) within 20 years
2025-11-11 04:09:42,335 - INFO - Step 04 completed successfully for 1,3-Butadiene (BD)
2025-11-11 04:09:42,336 - INFO - Pipeline completed for 1,3-Butadiene (BD)
2025-11-11 04:09:45,096 - INFO - Step 01 completed successfully for Dichlorodifluoromethane (R-12)
2025-11-11 04:09:49,767 - INFO - Step 02 completed successfully for Dichlorodifluoromethane (R-12)
2025-11-11 04:09:49,767 - INFO - Searching for alternatives in last 10 years for Dichlorodifluoromethane (R-12)
2025-11-11 04:09:52,505 - INFO - Step 03 completed successfully for Dichlorodifluoromethane (R-12)
2025-11-11 04:09:52,506 - INFO - Step03 results: 0/8 papers have alternatives
2025-11-11 04:09:52,506 - INFO - No alternatives found in 10 years. Extending search to 20 years...
2025-11-11 04:09:52,511 - INFO - Searching for alternatives in last 20 years for Dichlorodifluoromethane (R-12)
2025-11-11 04:09:56,329 - INFO - Step 03 completed successfully for Dichlorodifluoromethane (R-12)
2025-11-11 04:09:56,330 - INFO - Step03 results: 0/15 papers have alternatives
2025-11-11 04:09:56,330 - INFO - No alternatives found in 20 years. Extending search to 30 years...
2025-11-11 04:09:56,335 - INFO - Searching for alternatives in last 30 years for Dichlorodifluoromethane (R-12)
2025-11-11 04:10:00,451 - INFO - Step 03 completed successfully for Dichlorodifluoromethane (R-12)
2025-11-11 04:10:00,452 - INFO - Step03 results: 0/22 papers have alternatives
2025-11-11 04:10:00,452 - INFO - Reached maximum search range of 30 years for Dichlorodifluoromethane (R-12). No alternatives found.
2025-11-11 04:10:00,455 - INFO - Created no paper found file: final_output\20251111_6391.json
2025-11-11 04:10:00,455 - WARNING - Step 03 failed for Dichlorodifluoromethane (R-12), skipping remaining steps
2025-11-11 04:10:55,760 - INFO - Step 01 completed successfully for 1,3-Butadiene (BD)
2025-11-11 04:11:23,931 - INFO - Step 02 completed successfully for 1,3-Butadiene (BD)
2025-11-11 04:11:23,933 - INFO - Searching for alternatives in last 10 years for 1,3-Butadiene (BD)
2025-11-11 04:11:35,563 - INFO - Step 03 completed successfully for 1,3-Butadiene (BD)
2025-11-11 04:11:35,566 - INFO - Step03 results: 0/120 papers have alternatives
2025-11-11 04:11:35,567 - INFO - No alternatives found in 10 years. Extending search to 20 years...
2025-11-11 04:11:35,573 - INFO - Searching for alternatives in last 20 years for 1,3-Butadiene (BD)
2025-11-11 04:11:49,859 - INFO - Step 03 completed successfully for 1,3-Butadiene (BD)
2025-11-11 04:11:49,862 - INFO - Step03 results: 0/244 papers have alternatives
2025-11-11 04:11:49,863 - INFO - No alternatives found in 20 years. Extending search to 30 years...
2025-11-11 04:11:49,868 - INFO - Searching for alternatives in last 30 years for 1,3-Butadiene (BD)
2025-11-11 04:12:03,258 - INFO - Step 03 completed successfully for 1,3-Butadiene (BD)
2025-11-11 04:12:03,263 - INFO - Step03 results: 0/365 papers have alternatives
2025-11-11 04:12:03,263 - INFO - Reached maximum search range of 30 years for 1,3-Butadiene (BD). No alternatives found.
2025-11-11 04:12:03,268 - INFO - Created no paper found file: final_output\20251111_7845.json
2025-11-11 04:12:03,268 - WARNING - Step 03 failed for 1,3-Butadiene (BD), skipping remaining steps
2025-11-12 12:45:03,862 - INFO - Step 01 completed successfully for 1,3-Butadiene (BD)
2025-11-12 12:45:32,012 - INFO - Step 02 completed successfully for 1,3-Butadiene (BD)
2025-11-12 12:45:32,013 - INFO - Searching for alternatives in last 10 years for 1,3-Butadiene (BD)
2025-11-12 12:45:49,692 - INFO - Step 03 completed successfully for 1,3-Butadiene (BD)
2025-11-12 12:45:49,694 - INFO - Step03 results: 0/120 papers have alternatives
2025-11-12 12:45:49,694 - INFO - No alternatives found in 10 years. Extending search to 20 years...
2025-11-12 12:45:49,698 - INFO - Searching for alternatives in last 20 years for 1,3-Butadiene (BD)
2025-11-12 12:46:09,776 - INFO - Step 03 completed successfully for 1,3-Butadiene (BD)
2025-11-12 12:46:09,778 - INFO - Step03 results: 0/244 papers have alternatives
2025-11-12 12:46:09,778 - INFO - No alternatives found in 20 years. Extending search to 30 years...
2025-11-12 12:46:09,781 - INFO - Searching for alternatives in last 30 years for 1,3-Butadiene (BD)
2025-11-12 12:46:35,165 - INFO - Step 03 completed successfully for 1,3-Butadiene (BD)
2025-11-12 12:46:35,167 - INFO - Step03 results: 0/365 papers have alternatives
2025-11-12 12:46:35,167 - INFO - Reached maximum search range of 30 years for 1,3-Butadiene (BD). No alternatives found.
2025-11-12 12:46:35,170 - INFO - Created no paper found file: final_output\20251112_7845.json
2025-11-12 12:46:35,170 - WARNING - Step 03 failed for 1,3-Butadiene (BD), skipping remaining steps
2025-11-12 12:51:24,161 - INFO - Step 01 completed successfully for 1,3-Butadiene (BD)
2025-11-12 12:51:53,002 - INFO - Step 02 completed successfully for 1,3-Butadiene (BD)
2025-11-12 12:51:53,002 - INFO - Searching for alternatives in last 10 years for 1,3-Butadiene (BD)
2025-11-12 12:53:35,989 - INFO - Step 03 completed successfully for 1,3-Butadiene (BD)
2025-11-12 12:53:35,992 - INFO - Step03 results: 0/120 papers have alternatives
2025-11-12 12:53:35,993 - INFO - No alternatives found in 10 years. Extending search to 20 years...
2025-11-12 12:53:35,996 - INFO - Searching for alternatives in last 20 years for 1,3-Butadiene (BD)
2025-11-12 12:55:58,834 - INFO - Step 03 completed successfully for 1,3-Butadiene (BD)
2025-11-12 12:55:58,838 - INFO - Step03 results: 0/244 papers have alternatives
2025-11-12 12:55:58,838 - INFO - No alternatives found in 20 years. Extending search to 30 years...
2025-11-12 12:55:58,842 - INFO - Searching for alternatives in last 30 years for 1,3-Butadiene (BD)
2025-11-12 12:57:00,406 - ERROR - Step 03 failed for 1,3-Butadiene (BD) with return code 3221225786
2025-11-12 12:57:07,334 - INFO - Step 01 completed successfully for 1,3-Butadiene (BD)
2025-11-12 12:57:36,249 - INFO - Step 02 completed successfully for 1,3-Butadiene (BD)
2025-11-12 12:57:36,249 - INFO - Searching for alternatives in last 10 years for 1,3-Butadiene (BD)
2025-11-12 12:58:44,298 - INFO - Step 03 completed successfully for 1,3-Butadiene (BD)
2025-11-12 12:58:44,301 - INFO - Step03 results: 2/120 papers have alternatives
2025-11-12 12:58:44,301 - INFO - Found alternatives for 1,3-Butadiene (BD) within 10 years
2025-11-12 12:58:55,325 - INFO - Step 04 completed successfully for 1,3-Butadiene (BD)
2025-11-12 12:58:55,326 - INFO - Pipeline completed for 1,3-Butadiene (BD)
2025-11-12 13:02:00,792 - INFO - Step 01 completed successfully for 1,3-Butadiene (BD)
2025-11-12 13:02:27,998 - INFO - Step 02 completed successfully for 1,3-Butadiene (BD)
2025-11-12 13:02:27,998 - INFO - Searching for alternatives in last 10 years for 1,3-Butadiene (BD)
2025-11-12 13:02:39,859 - INFO - Step 03 completed successfully for 1,3-Butadiene (BD)
2025-11-12 13:02:39,860 - INFO - Step03 results: 2/120 papers have alternatives
2025-11-12 13:02:39,860 - INFO - Found alternatives for 1,3-Butadiene (BD) within 10 years
2025-11-12 13:02:48,699 - INFO - Step 04 completed successfully for 1,3-Butadiene (BD)
2025-11-12 13:02:48,699 - INFO - Pipeline completed for 1,3-Butadiene (BD)
2025-11-12 13:20:03,588 - INFO - Step 01 completed successfully for Dichlorodifluoromethane (R-12)
2025-11-12 13:20:08,522 - INFO - Step 02 completed successfully for Dichlorodifluoromethane (R-12)
2025-11-12 13:20:08,523 - INFO - Searching for alternatives in last 10 years for Dichlorodifluoromethane (R-12)
2025-11-12 13:20:13,528 - INFO - Step 03 completed successfully for Dichlorodifluoromethane (R-12)
2025-11-12 13:20:13,529 - INFO - Step03 results: 0/8 papers have alternatives
2025-11-12 13:20:13,529 - INFO - No alternatives found in 10 years. Extending search to 20 years...
2025-11-12 13:20:13,534 - INFO - Searching for alternatives in last 20 years for Dichlorodifluoromethane (R-12)
2025-11-12 13:20:18,487 - INFO - Step 03 completed successfully for Dichlorodifluoromethane (R-12)
2025-11-12 13:20:18,490 - INFO - Step03 results: 0/15 papers have alternatives
2025-11-12 13:20:18,490 - INFO - No alternatives found in 20 years. Extending search to 30 years...
2025-11-12 13:20:18,495 - INFO - Searching for alternatives in last 30 years for Dichlorodifluoromethane (R-12)
2025-11-12 13:20:22,989 - INFO - Step 03 completed successfully for Dichlorodifluoromethane (R-12)
2025-11-12 13:20:22,991 - INFO - Step03 results: 0/22 papers have alternatives
2025-11-12 13:20:22,991 - INFO - Reached maximum search range of 30 years for Dichlorodifluoromethane (R-12). No alternatives found.
2025-11-12 13:20:22,995 - INFO - Created no paper found file: final_output\20251112_6391.json
2025-11-12 13:20:22,996 - WARNING - Step 03 failed for Dichlorodifluoromethane (R-12), skipping remaining steps
2025-11-12 13:20:26,921 - INFO - Step 01 completed successfully for perfluorooctanesulfonyl fluoride
2025-11-12 13:20:30,949 - INFO - Step 02 completed successfully for perfluorooctanesulfonyl fluoride
2025-11-12 13:20:30,949 - INFO - Searching for alternatives in last 10 years for perfluorooctanesulfonyl fluoride
2025-11-12 13:20:35,286 - INFO - Step 03 completed successfully for perfluorooctanesulfonyl fluoride
2025-11-12 13:20:35,287 - INFO - Step03 results: 0/8 papers have alternatives
2025-11-12 13:20:35,287 - INFO - No alternatives found in 10 years. Extending search to 20 years...
2025-11-12 13:20:35,291 - INFO - Searching for alternatives in last 20 years for perfluorooctanesulfonyl fluoride
2025-11-12 13:20:39,474 - INFO - Step 03 completed successfully for perfluorooctanesulfonyl fluoride
2025-11-12 13:20:39,475 - INFO - Step03 results: 0/22 papers have alternatives
2025-11-12 13:20:39,475 - INFO - No alternatives found in 20 years. Extending search to 30 years...
2025-11-12 13:20:39,479 - INFO - Searching for alternatives in last 30 years for perfluorooctanesulfonyl fluoride
2025-11-12 13:20:44,274 - INFO - Step 03 completed successfully for perfluorooctanesulfonyl fluoride
2025-11-12 13:20:44,275 - INFO - Step03 results: 0/32 papers have alternatives
2025-11-12 13:20:44,275 - INFO - Reached maximum search range of 30 years for perfluorooctanesulfonyl fluoride. No alternatives found.
2025-11-12 13:20:44,278 - INFO - Created no paper found file: final_output\20251112_9388.json
2025-11-12 13:20:44,278 - WARNING - Step 03 failed for perfluorooctanesulfonyl fluoride, skipping remaining steps
2025-11-12 13:20:48,228 - INFO - Step 01 completed successfully for isoprocarb
2025-11-12 13:20:58,421 - INFO - Step 02 completed successfully for isoprocarb
2025-11-12 13:20:58,421 - INFO - Searching for alternatives in last 10 years for isoprocarb
2025-11-12 13:21:06,683 - INFO - Step 03 completed successfully for isoprocarb
2025-11-12 13:21:06,684 - INFO - Step03 results: 2/75 papers have alternatives
2025-11-12 13:21:06,684 - INFO - Found alternatives for isoprocarb within 10 years
2025-11-12 13:21:13,592 - INFO - Step 04 completed successfully for isoprocarb
2025-11-12 13:21:13,593 - INFO - Pipeline completed for isoprocarb
2025-11-12 13:21:16,498 - INFO - Step 01 completed successfully for octabromodiphenyl ethers
2025-11-12 13:21:20,943 - INFO - Step 02 completed successfully for octabromodiphenyl ethers
2025-11-12 13:21:20,944 - INFO - Searching for alternatives in last 10 years for octabromodiphenyl ethers
2025-11-12 13:21:24,133 - INFO - Step 03 completed successfully for octabromodiphenyl ethers
2025-11-12 13:21:24,134 - INFO - Step03 results: 0/3 papers have alternatives
2025-11-12 13:21:24,134 - INFO - No alternatives found in 10 years. Extending search to 20 years...
2025-11-12 13:21:24,140 - INFO - Searching for alternatives in last 20 years for octabromodiphenyl ethers
2025-11-12 13:21:27,870 - INFO - Step 03 completed successfully for octabromodiphenyl ethers
2025-11-12 13:21:27,871 - INFO - Step03 results: 0/41 papers have alternatives
2025-11-12 13:21:27,872 - INFO - No alternatives found in 20 years. Extending search to 30 years...
2025-11-12 13:21:27,876 - INFO - Searching for alternatives in last 30 years for octabromodiphenyl ethers
2025-11-12 13:21:32,072 - INFO - Step 03 completed successfully for octabromodiphenyl ethers
2025-11-12 13:21:32,073 - INFO - Step03 results: 0/51 papers have alternatives
2025-11-12 13:21:32,073 - INFO - Reached maximum search range of 30 years for octabromodiphenyl ethers. No alternatives found.
2025-11-12 13:21:32,076 - INFO - Created no paper found file: final_output\20251112_6537506.json
2025-11-12 13:21:32,076 - WARNING - Step 03 failed for octabromodiphenyl ethers, skipping remaining steps
2025-11-12 13:21:34,708 - INFO - Step 01 completed successfully for lithium (perfluorooctane)sulfonate
2025-11-12 13:21:37,914 - INFO - Step 02 completed successfully for lithium (perfluorooctane)sulfonate
2025-11-12 13:21:37,915 - INFO - Searching for alternatives in last 10 years for lithium (perfluorooctane)sulfonate
2025-11-12 13:21:41,765 - INFO - Step 03 completed successfully for lithium (perfluorooctane)sulfonate
2025-11-12 13:21:41,766 - INFO - Step03 results: 0/4 papers have alternatives
2025-11-12 13:21:41,766 - INFO - No alternatives found in 10 years. Extending search to 20 years...
2025-11-12 13:21:41,772 - INFO - Searching for alternatives in last 20 years for lithium (perfluorooctane)sulfonate
2025-11-12 13:21:45,535 - INFO - Step 03 completed successfully for lithium (perfluorooctane)sulfonate
2025-11-12 13:21:45,536 - INFO - Step03 results: 0/6 papers have alternatives
2025-11-12 13:21:45,536 - INFO - No alternatives found in 20 years. Extending search to 30 years...
2025-11-12 13:21:45,541 - INFO - Searching for alternatives in last 30 years for lithium (perfluorooctane)sulfonate
2025-11-12 13:21:49,439 - INFO - Step 03 completed successfully for lithium (perfluorooctane)sulfonate
2025-11-12 13:21:49,440 - INFO - Step03 results: 0/11 papers have alternatives
2025-11-12 13:21:49,440 - INFO - Reached maximum search range of 30 years for lithium (perfluorooctane)sulfonate. No alternatives found.
2025-11-12 13:21:49,443 - INFO - Created no paper found file: final_output\20251112_23677927.json
2025-11-12 13:21:49,443 - WARNING - Step 03 failed for lithium (perfluorooctane)sulfonate, skipping remaining steps
2025-11-14 21:20:47,438 - INFO - Step 01 completed successfully for Dichlorodifluoromethane (R-12)
2025-11-14 21:20:54,416 - INFO - Step 02 completed successfully for Dichlorodifluoromethane (R-12)
2025-11-14 21:20:54,416 - INFO - Searching for alternatives in last 10 years for Dichlorodifluoromethane (R-12)
2025-11-14 21:20:59,690 - INFO - Step 03 completed successfully for Dichlorodifluoromethane (R-12)
2025-11-14 21:20:59,692 - INFO - Step03 results: 0/8 papers have alternatives
2025-11-14 21:20:59,692 - INFO - No alternatives found in 10 years. Extending search to 20 years...
2025-11-14 21:20:59,700 - INFO - Searching for alternatives in last 20 years for Dichlorodifluoromethane (R-12)
2025-11-14 21:21:04,321 - INFO - Step 03 completed successfully for Dichlorodifluoromethane (R-12)
2025-11-14 21:21:04,322 - INFO - Step03 results: 0/15 papers have alternatives
2025-11-14 21:21:04,322 - INFO - No alternatives found in 20 years. Extending search to 30 years...
2025-11-14 21:21:04,328 - INFO - Searching for alternatives in last 30 years for Dichlorodifluoromethane (R-12)
2025-11-14 21:21:09,601 - INFO - Step 03 completed successfully for Dichlorodifluoromethane (R-12)
2025-11-14 21:21:09,602 - INFO - Step03 results: 0/22 papers have alternatives
2025-11-14 21:21:09,602 - INFO - Reached maximum search range of 30 years for Dichlorodifluoromethane (R-12). No alternatives found.
2025-11-14 21:21:09,605 - INFO - Created no paper found file: final_output\20251114_6391.json
2025-11-14 21:21:09,605 - WARNING - Step 03 failed for Dichlorodifluoromethane (R-12), skipping remaining steps
2025-11-14 21:21:14,169 - INFO - Step 01 completed successfully for perfluorooctanesulfonyl fluoride
2025-11-14 21:21:21,679 - ERROR - Step 02 failed for perfluorooctanesulfonyl fluoride with return code 3221225786
2026-02-01 23:45:55,063 - INFO - Step 01 completed successfully for Dichlorodifluoromethane (R-12)
2026-02-01 23:45:58,912 - INFO - Step 02 completed successfully for Dichlorodifluoromethane (R-12)
2026-02-01 23:45:58,912 - INFO - Searching for alternatives in last 10 years for Dichlorodifluoromethane (R-12)
2026-02-01 23:46:14,251 - INFO - Step 03 completed successfully for Dichlorodifluoromethane (R-12)
2026-02-01 23:46:14,252 - INFO - Step03 results: 0/7 papers have alternatives
2026-02-01 23:46:14,252 - INFO - No alternatives found in 10 years. Extending search to 20 years...
2026-02-01 23:46:14,260 - INFO - Searching for alternatives in last 20 years for Dichlorodifluoromethane (R-12)
2026-02-01 23:46:27,928 - INFO - Step 03 completed successfully for Dichlorodifluoromethane (R-12)
2026-02-01 23:46:27,929 - INFO - Step03 results: 0/15 papers have alternatives
2026-02-01 23:46:27,930 - INFO - No alternatives found in 20 years. Extending search to 30 years...
2026-02-01 23:46:27,935 - INFO - Searching for alternatives in last 30 years for Dichlorodifluoromethane (R-12)
2026-02-01 23:46:38,356 - INFO - Step 03 completed successfully for Dichlorodifluoromethane (R-12)
2026-02-01 23:46:38,357 - INFO - Step03 results: 0/22 papers have alternatives
2026-02-01 23:46:38,358 - INFO - Reached maximum search range of 30 years for Dichlorodifluoromethane (R-12). No alternatives found.
2026-02-01 23:46:38,362 - INFO - Created no paper found file: final_output\20260201_6391.json
2026-02-01 23:46:38,362 - WARNING - Step 03 failed for Dichlorodifluoromethane (R-12), skipping remaining steps
2026-02-01 23:46:43,345 - INFO - Step 01 completed successfully for perfluorooctanesulfonyl fluoride
2026-02-01 23:46:48,345 - INFO - Step 02 completed successfully for perfluorooctanesulfonyl fluoride
2026-02-01 23:46:48,346 - INFO - Searching for alternatives in last 10 years for perfluorooctanesulfonyl fluoride
2026-02-01 23:47:00,041 - INFO - Step 03 completed successfully for perfluorooctanesulfonyl fluoride
2026-02-01 23:47:00,042 - INFO - Step03 results: 0/7 papers have alternatives
2026-02-01 23:47:00,042 - INFO - No alternatives found in 10 years. Extending search to 20 years...
2026-02-01 23:47:00,050 - INFO - Searching for alternatives in last 20 years for perfluorooctanesulfonyl fluoride
2026-02-01 23:47:14,800 - INFO - Step 03 completed successfully for perfluorooctanesulfonyl fluoride
2026-02-01 23:47:14,802 - INFO - Step03 results: 0/21 papers have alternatives
2026-02-01 23:47:14,803 - INFO - No alternatives found in 20 years. Extending search to 30 years...
2026-02-01 23:47:14,809 - INFO - Searching for alternatives in last 30 years for perfluorooctanesulfonyl fluoride
2026-02-01 23:47:25,235 - INFO - Step 03 completed successfully for perfluorooctanesulfonyl fluoride
2026-02-01 23:47:25,236 - INFO - Step03 results: 0/32 papers have alternatives
2026-02-01 23:47:25,236 - INFO - Reached maximum search range of 30 years for perfluorooctanesulfonyl fluoride. No alternatives found.
2026-02-01 23:47:25,239 - INFO - Created no paper found file: final_output\20260201_9388.json
2026-02-01 23:47:25,239 - WARNING - Step 03 failed for perfluorooctanesulfonyl fluoride, skipping remaining steps
2026-02-01 23:47:28,483 - INFO - Step 01 completed successfully for isoprocarb
2026-02-01 23:47:37,024 - INFO - Step 02 completed successfully for isoprocarb
2026-02-01 23:47:37,025 - INFO - Searching for alternatives in last 10 years for isoprocarb
2026-02-01 23:47:54,278 - ERROR - Step 03 failed for isoprocarb with return code 3221225786
2026-02-01 23:49:05,833 - INFO - Step 01 completed successfully for 1,2-dichloroethane
2026-02-01 23:56:10,150 - INFO - Step 02 completed successfully for 1,2-dichloroethane
2026-02-01 23:56:10,153 - INFO - Searching for alternatives in last 10 years for 1,2-dichloroethane
2026-02-02 00:00:54,799 - INFO - Step 03 completed successfully for 1,2-dichloroethane
2026-02-02 00:00:54,815 - INFO - Step03 results: 0/1085 papers have alternatives
2026-02-02 00:00:54,815 - INFO - No alternatives found in 10 years. Extending search to 20 years...
2026-02-02 00:00:54,834 - INFO - Searching for alternatives in last 20 years for 1,2-dichloroethane
2026-02-02 00:02:27,033 - ERROR - Step 03 failed for 1,2-dichloroethane with return code 3221225786
2026-03-03 13:48:08,192 - INFO - Step 01 completed successfully for 1,2-dichloroethane
2026-03-03 13:49:13,428 - INFO - Step 02 completed successfully for 1,2-dichloroethane
2026-03-03 13:49:13,432 - INFO - Searching for alternatives in last 10 years for 1,2-dichloroethane
2026-03-03 13:49:32,462 - INFO - Step 03 completed successfully for 1,2-dichloroethane
2026-03-03 13:49:32,480 - INFO - Step03 results: 4/156 papers have alternatives
2026-03-03 13:49:32,481 - INFO - Found alternatives for 1,2-dichloroethane within 10 years
2026-03-03 13:49:33,032 - INFO - Step 01 completed successfully for 1,2-dichloroethane
2026-03-03 13:49:48,101 - INFO - Step 04 completed successfully for 1,2-dichloroethane
2026-03-03 13:49:48,102 - INFO - Pipeline completed for 1,2-dichloroethane
2026-03-03 13:56:51,758 - INFO - Step 02 completed successfully for 1,2-dichloroethane
2026-03-03 13:56:51,760 - INFO - Searching for alternatives in last 10 years for 1,2-dichloroethane
2026-03-03 13:58:05,191 - INFO - Step 03 completed successfully for 1,2-dichloroethane
2026-03-03 13:58:05,226 - INFO - Step03 results: 30/1147 papers have alternatives
2026-03-03 13:58:05,228 - INFO - Found alternatives for 1,2-dichloroethane within 10 years
2026-03-03 13:59:18,446 - INFO - Step 04 completed successfully for 1,2-dichloroethane
2026-03-03 13:59:18,447 - INFO - Pipeline completed for 1,2-dichloroethane
2026-03-03 14:05:06,502 - INFO - Step 01 completed successfully for 1,2-dichloroethane
2026-03-03 14:07:16,902 - INFO - Step 02 completed successfully for 1,2-dichloroethane
2026-03-03 14:07:16,906 - INFO - Searching for alternatives in last 10 years for 1,2-dichloroethane
2026-03-03 14:07:47,546 - INFO - Step 03 completed successfully for 1,2-dichloroethane
2026-03-03 14:07:47,581 - INFO - Step03 results: 14/328 papers have alternatives
2026-03-03 14:07:47,581 - INFO - Found alternatives for 1,2-dichloroethane within 10 years
2026-03-03 14:08:34,364 - INFO - Step 04 completed successfully for 1,2-dichloroethane
2026-03-03 14:08:34,367 - INFO - Pipeline completed for 1,2-dichloroethane
2026-03-03 14:38:48,335 - INFO - Step 01 completed successfully for 1,2-dichloroethane
2026-03-03 14:46:04,728 - INFO - Step 02 completed successfully for 1,2-dichloroethane
2026-03-03 14:46:04,738 - INFO - Searching for alternatives in last 10 years for 1,2-dichloroethane
2026-03-03 14:48:42,646 - INFO - Step 03 completed successfully for 1,2-dichloroethane
2026-03-03 14:48:42,672 - INFO - Step03 results: 31/1141 papers have alternatives
2026-03-03 14:48:42,674 - INFO - Found alternatives for 1,2-dichloroethane within 10 years
2026-03-03 14:50:42,255 - INFO - Step 04 completed successfully for 1,2-dichloroethane
2026-03-03 14:50:42,267 - INFO - Pipeline completed for 1,2-dichloroethane
2026-03-03 15:47:54,015 - INFO - Step 01 completed successfully for ethylbenzene
2026-03-03 15:48:50,965 - INFO - Step 02 completed successfully for ethylbenzene
2026-03-03 15:48:50,967 - INFO - Searching for alternatives in last 10 years for ethylbenzene
2026-03-03 15:50:03,646 - INFO - Step 03 completed successfully for ethylbenzene
2026-03-03 15:50:03,671 - INFO - Step03 results: 6/273 papers have alternatives
2026-03-03 15:50:03,672 - INFO - Found alternatives for ethylbenzene within 10 years
2026-03-03 15:50:40,093 - INFO - Step 04 completed successfully for ethylbenzene
2026-03-03 15:50:40,096 - INFO - Pipeline completed for ethylbenzene
2026-03-03 15:56:26,486 - INFO - Step 01 completed successfully for ethylbenzene
2026-03-03 15:57:24,645 - INFO - Step 02 completed successfully for ethylbenzene
2026-03-03 15:57:24,647 - INFO - Searching for alternatives in last 10 years for ethylbenzene
2026-03-03 15:57:56,937 - INFO - Step 03 completed successfully for ethylbenzene
2026-03-03 15:57:56,959 - INFO - Step03 results: 4/266 papers have alternatives
2026-03-03 15:57:56,960 - INFO - Found alternatives for ethylbenzene within 10 years
2026-03-03 15:58:21,330 - INFO - Step 04 completed successfully for ethylbenzene
2026-03-03 15:58:21,332 - INFO - Pipeline completed for ethylbenzene
2026-03-03 16:04:31,257 - INFO - Step 01 completed successfully for ethylbenzene
2026-03-03 16:09:46,381 - INFO - Step 02 completed successfully for ethylbenzene
2026-03-03 16:09:46,383 - INFO - Searching for alternatives in last 10 years for ethylbenzene
2026-03-03 16:12:22,852 - INFO - Step 03 completed successfully for ethylbenzene
2026-03-03 16:12:22,960 - INFO - Step03 results: 28/1515 papers have alternatives
2026-03-03 16:12:22,961 - INFO - Found alternatives for ethylbenzene within 10 years
2026-03-03 16:14:40,674 - ERROR - Step 04 failed for ethylbenzene with return code 3221225786
2026-03-03 16:15:16,158 - INFO - Step 01 completed successfully for ethylbenzene
2026-03-03 16:16:19,706 - INFO - Step 02 completed successfully for ethylbenzene
2026-03-03 16:16:19,709 - INFO - Searching for alternatives in last 10 years for ethylbenzene
2026-03-03 16:17:15,840 - INFO - Step 03 completed successfully for ethylbenzene
2026-03-03 16:17:15,877 - INFO - Step03 results: 4/279 papers have alternatives
2026-03-03 16:17:15,878 - INFO - Found alternatives for ethylbenzene within 10 years
2026-03-03 16:17:35,055 - INFO - Step 04 completed successfully for ethylbenzene
2026-03-03 16:17:35,057 - INFO - Pipeline completed for ethylbenzene
2026-03-03 16:27:51,310 - INFO - Step 01 completed successfully for ethylbenzene
2026-03-03 16:28:19,235 - ERROR - Step 02 failed for ethylbenzene with return code 3221225786
2026-03-03 16:29:03,302 - INFO - Step 01 completed successfully for ethylbenzene
2026-03-03 16:33:57,168 - INFO - Step 02 completed successfully for ethylbenzene
2026-03-03 16:33:57,170 - INFO - Searching for alternatives in last 10 years for ethylbenzene
2026-03-03 16:39:02,665 - INFO - Step 03 completed successfully for ethylbenzene
2026-03-03 16:39:02,734 - INFO - Step03 results: 23/1429 papers have alternatives
2026-03-03 16:39:02,736 - INFO - Found alternatives for ethylbenzene within 10 years
2026-03-03 16:40:58,425 - INFO - Step 04 completed successfully for ethylbenzene
2026-03-03 16:40:58,428 - INFO - Pipeline completed for ethylbenzene
2026-03-03 23:16:29,924 - INFO - Step 01 completed successfully for ethylbenzene
2026-03-03 23:47:36,861 - INFO - Step 01 completed successfully for ethylbenzene
2026-03-04 00:38:28,409 - ERROR - Step 02 failed for ethylbenzene with return code 3221225786
2026-03-04 00:39:26,232 - INFO - Step 01 completed successfully for ethylbenzene
2026-03-04 00:42:05,882 - ERROR - Step 02 failed for ethylbenzene with return code 3221225786
2026-03-04 00:42:24,514 - INFO - Step 01 completed successfully for ethylbenzene
2026-03-04 00:42:45,028 - ERROR - Step 02 failed for ethylbenzene with return code 3221225786
2026-03-04 03:15:54,922 - INFO - Step 01 completed successfully for ethylbenzene
2026-03-04 03:32:51,876 - ERROR - Step 02 failed for ethylbenzene with return code 3221225786
2026-03-04 03:34:27,474 - INFO - Step 01 completed successfully for ethylbenzene
2026-03-04 03:34:50,207 - ERROR - Step 02 failed for ethylbenzene with return code 3221225786
2026-03-04 03:37:13,105 - INFO - Step 01 completed successfully for ethylbenzene
2026-03-04 03:38:08,817 - ERROR - Step 02 failed for ethylbenzene with return code 3221225786
2026-03-04 03:40:33,536 - INFO - Step 01 completed successfully for ethylbenzene
2026-03-04 03:46:42,814 - ERROR - Step 02 failed for ethylbenzene with return code 3221225786
2026-03-04 03:50:02,357 - INFO - Step 01 completed successfully for ethylbenzene
2026-03-04 03:50:46,103 - ERROR - Step 02 failed for ethylbenzene with return code 3221225786
2026-03-04 03:51:15,699 - INFO - Step 01 completed successfully for ethylbenzene
2026-03-04 03:54:09,818 - INFO - Step 02 completed successfully for ethylbenzene
2026-03-04 03:54:09,820 - INFO - Searching for alternatives in last 10 years for ethylbenzene
2026-03-04 03:57:22,988 - INFO - Step 03 completed successfully for ethylbenzene
2026-03-04 03:57:23,089 - INFO - Step03 results: 19/729 papers have alternatives
2026-03-04 03:57:23,091 - INFO - Found alternatives for ethylbenzene within 10 years
2026-03-04 03:57:25,691 - INFO - Step 04 completed successfully for ethylbenzene
2026-03-04 03:57:25,695 - INFO - Pipeline completed for ethylbenzene
2026-03-04 04:07:32,900 - INFO - Step 01 completed successfully for ethylbenzene
2026-03-04 04:07:43,108 - ERROR - Step 02 failed for ethylbenzene with return code 3221225786
2026-03-04 04:09:44,723 - INFO - Step 01 completed successfully for ethylbenzene
2026-03-04 04:13:14,682 - ERROR - Step 02 failed for ethylbenzene with return code 3221225786
2026-03-04 04:14:37,147 - INFO - Step 01 completed successfully for ethylbenzene
2026-03-04 04:21:08,771 - INFO - Step 02 completed successfully for ethylbenzene
2026-03-04 04:21:08,773 - INFO - Searching for alternatives in last 10 years for ethylbenzene
2026-03-04 04:25:53,797 - INFO - Step 03 completed successfully for ethylbenzene
2026-03-04 04:25:53,875 - INFO - Step03 results: 87/3186 papers have alternatives
2026-03-04 04:25:53,879 - INFO - Found alternatives for ethylbenzene within 10 years
2026-03-04 04:25:58,336 - ERROR - Step 04 failed for ethylbenzene with return code 2
2026-03-04 04:25:58,339 - INFO - Pipeline completed for ethylbenzene
2026-03-04 05:12:12,883 - INFO - Step 01 completed successfully for ethylbenzene
2026-03-04 05:12:51,331 - ERROR - Step 02 failed for ethylbenzene with return code 3221225786
2026-03-04 05:13:18,133 - INFO - Step 01 completed successfully for ethylbenzene
2026-03-04 05:16:08,760 - INFO - Step 02 completed successfully for ethylbenzene
2026-03-04 05:16:08,763 - INFO - Searching for alternatives in last 10 years for ethylbenzene
2026-03-04 05:20:08,585 - INFO - Step 03 completed successfully for ethylbenzene
2026-03-04 05:20:08,655 - INFO - Step03 results: 28/1001 papers have alternatives
2026-03-04 05:20:08,657 - INFO - Found alternatives for ethylbenzene within 10 years
2026-03-04 05:20:10,967 - ERROR - Step 04 failed for ethylbenzene with return code 2
2026-03-04 05:20:10,970 - INFO - Pipeline completed for ethylbenzene
2026-03-08 23:57:13,385 - INFO - Step 01 completed successfully for ethylbenzene
2026-03-08 23:59:29,147 - ERROR - Step 02 failed for ethylbenzene with return code 3221225786
2026-03-08 23:59:49,525 - INFO - Step 01 completed successfully for ethylbenzene
2026-03-09 00:10:01,828 - INFO - Step 01 completed successfully for ethylbenzene
2026-03-09 00:11:32,094 - INFO - Step 01 completed successfully for ethylbenzene
2026-03-09 00:17:51,662 - INFO - Step 01 completed successfully for ethylbenzene
2026-03-09 00:22:19,000 - ERROR - Step 02 failed for ethylbenzene with return code 3221225786
2026-03-09 00:23:43,225 - INFO - Step 01 completed successfully for ethylbenzene
2026-03-09 00:23:56,535 - ERROR - Step 02 failed for ethylbenzene with return code 3221225786
2026-03-09 00:29:23,361 - INFO - Step 01 completed successfully for ethylbenzene
2026-03-09 00:30:51,861 - ERROR - Step 02 failed for ethylbenzene with return code 3221225786
2026-03-09 00:32:15,674 - INFO - Step 01 completed successfully for ethylbenzene
2026-03-09 00:36:43,716 - INFO - Step 02 completed successfully for ethylbenzene
2026-03-09 00:36:43,718 - INFO - Searching for alternatives in last 10 years for ethylbenzene
2026-03-09 00:39:11,469 - ERROR - Step 03 failed for ethylbenzene with return code 3221225786
2026-03-09 00:40:08,411 - INFO - Step 01 completed successfully for ethylbenzene
2026-03-09 00:42:28,122 - INFO - Step 02 completed successfully for ethylbenzene
2026-03-09 00:42:28,123 - INFO - Searching for alternatives in last 10 years for ethylbenzene
2026-03-09 00:55:13,025 - INFO - Step 01 completed successfully for ethylbenzene
2026-03-09 00:57:10,940 - INFO - Step 02 completed successfully for ethylbenzene
2026-03-09 00:57:10,940 - INFO - Searching for alternatives in last 10 years for ethylbenzene
2026-03-09 01:17:20,381 - INFO - Step 01 completed successfully for ethylbenzene
2026-03-09 01:18:32,147 - INFO - Step 02 completed successfully for ethylbenzene
2026-03-09 01:18:32,148 - INFO - Searching for alternatives in last 10 years for ethylbenzene
2026-03-09 01:39:23,066 - INFO - Step 01 completed successfully for ethylbenzene
2026-03-09 01:40:32,910 - INFO - Step 02 completed successfully for ethylbenzene
2026-03-09 01:40:32,911 - INFO - Searching for alternatives in last 10 years for ethylbenzene
2026-03-09 02:00:28,924 - INFO - Step 01 completed successfully for ethylbenzene
2026-03-09 02:01:32,090 - INFO - Step 02 completed successfully for ethylbenzene
2026-03-09 02:01:32,091 - INFO - Searching for alternatives in last 10 years for ethylbenzene
2026-03-09 02:12:48,304 - INFO - Step 01 completed successfully for ethylbenzene
2026-03-09 02:14:35,637 - INFO - Step 02 completed successfully for ethylbenzene
2026-03-09 02:14:35,637 - INFO - Searching for alternatives in last 10 years for ethylbenzene
2026-03-12 00:45:00,166 - INFO - Step 01 completed successfully for ethylbenzene
2026-03-12 00:45:40,244 - INFO - Step 01 completed successfully for ethylbenzene
2026-03-12 00:46:09,685 - INFO - Step 02 completed successfully for ethylbenzene
2026-03-12 00:46:09,685 - INFO - Searching for alternatives in last 10 years for ethylbenzene
2026-03-12 00:47:41,116 - INFO - Step 03 completed successfully for ethylbenzene
2026-03-12 00:47:41,123 - INFO - Step03 results: 8/274 papers have alternatives
2026-03-12 00:47:41,123 - INFO - Found alternatives for ethylbenzene within 10 years
2026-03-12 00:47:43,747 - ERROR - Step 04 failed for ethylbenzene with return code 2
2026-03-12 00:47:43,747 - INFO - Pipeline completed for ethylbenzene
2026-03-12 00:51:53,931 - INFO - Step 01 completed successfully for ethylbenzene
2026-03-12 00:52:17,623 - ERROR - Step 02 failed for ethylbenzene with return code 3221225786
2026-03-12 00:52:46,002 - INFO - Step 01 completed successfully for ethylbenzene
2026-03-12 00:52:57,043 - ERROR - Step 02 failed for ethylbenzene with return code 3221225786
2026-03-12 00:56:38,729 - INFO - Step 01 completed successfully for ethylbenzene
2026-03-12 00:59:35,239 - INFO - Step 02 completed successfully for ethylbenzene
2026-03-12 00:59:35,239 - INFO - Searching for alternatives in last 10 years for ethylbenzene
2026-03-12 01:02:14,753 - INFO - Step 03 completed successfully for ethylbenzene
2026-03-12 01:02:14,771 - INFO - Step03 results: 55/1636 papers have alternatives
2026-03-12 01:02:14,771 - INFO - Found alternatives for ethylbenzene within 10 years
2026-03-12 01:02:16,552 - ERROR - Step 04 failed for ethylbenzene with return code 2
2026-03-12 01:02:16,552 - INFO - Pipeline completed for ethylbenzene
2026-03-12 01:04:56,222 - INFO - Step 01 completed successfully for ethylbenzene
2026-03-12 01:05:22,535 - INFO - Step 02 completed successfully for ethylbenzene
2026-03-12 01:05:22,535 - INFO - Searching for alternatives in last 10 years for ethylbenzene
2026-03-12 01:05:24,528 - ERROR - Step 03 failed for ethylbenzene with return code 3221225786
2026-03-12 01:06:40,031 - INFO - Step 01 completed successfully for ethylbenzene
2026-03-12 01:07:03,926 - ERROR - Step 02 failed for ethylbenzene with return code 3221225786
2026-03-12 01:07:33,569 - INFO - Step 01 completed successfully for ethylbenzene
2026-03-12 01:08:39,932 - INFO - Step 02 completed successfully for ethylbenzene
2026-03-12 01:08:39,932 - INFO - Searching for alternatives in last 10 years for ethylbenzene
2026-03-12 01:09:44,402 - INFO - Step 03 completed successfully for ethylbenzene
2026-03-12 01:09:44,409 - INFO - Step03 results: 13/618 papers have alternatives
2026-03-12 01:09:44,410 - INFO - Found alternatives for ethylbenzene within 10 years
2026-03-12 01:11:26,628 - INFO - Step 04 completed successfully for ethylbenzene
2026-03-12 01:11:26,630 - INFO - Pipeline completed for ethylbenzene
2026-03-12 01:49:17,228 - INFO - Step 01 completed successfully for ethylbenzene
2026-03-12 01:49:50,275 - INFO - Step 02 completed successfully for ethylbenzene
2026-03-12 01:49:50,275 - INFO - Searching for alternatives in last 10 years for ethylbenzene
2026-03-12 01:50:57,505 - INFO - Step 03 completed successfully for ethylbenzene
2026-03-12 01:50:57,509 - INFO - Step03 results: 5/269 papers have alternatives
2026-03-12 01:50:57,509 - INFO - Found alternatives for ethylbenzene within 10 years
2026-03-12 01:51:49,946 - INFO - Step 04 completed successfully for ethylbenzene
2026-03-12 01:51:49,947 - INFO - Pipeline completed for ethylbenzene
2026-03-12 01:59:48,362 - INFO - Step 01 completed successfully for ethylbenzene
2026-03-12 01:59:59,681 - ERROR - Step 02 failed for ethylbenzene with return code 3221225786
2026-03-12 02:00:17,135 - INFO - Step 01 completed successfully for ethylbenzene
2026-03-12 02:00:52,316 - INFO - Step 02 completed successfully for ethylbenzene
2026-03-12 02:00:52,316 - INFO - Searching for alternatives in last 10 years for ethylbenzene
2026-03-12 02:01:29,459 - INFO - Step 03 completed successfully for ethylbenzene
2026-03-12 02:01:29,459 - INFO - Step03 results: 7/273 papers have alternatives
2026-03-12 02:01:29,459 - INFO - Found alternatives for ethylbenzene within 10 years
2026-03-12 02:01:58,180 - ERROR - Step 04 failed for ethylbenzene with return code 3221225786
2026-03-12 02:04:39,441 - ERROR - Step 01 failed for ethylbenzene with return code 3221225786
2026-03-12 02:04:58,124 - INFO - Step 01 completed successfully for ethylbenzene
2026-03-12 02:05:10,733 - ERROR - Step 02 failed for ethylbenzene with return code 3221225786
2026-03-12 02:05:40,591 - INFO - Step 01 completed successfully for ethylbenzene
2026-03-12 02:06:51,433 - INFO - Step 02 completed successfully for ethylbenzene
2026-03-12 02:06:51,434 - INFO - Searching for alternatives in last 10 years for ethylbenzene
2026-03-12 02:08:10,214 - INFO - Step 03 completed successfully for ethylbenzene
2026-03-12 02:08:10,226 - INFO - Step03 results: 19/671 papers have alternatives
2026-03-12 02:08:10,226 - INFO - Found alternatives for ethylbenzene within 10 years
2026-03-12 02:10:57,497 - INFO - Step 04 completed successfully for ethylbenzene
2026-03-12 02:10:57,498 - INFO - Pipeline completed for ethylbenzene
2026-03-12 04:22:04,368 - INFO - Step 01 completed successfully for ethylbenzene
2026-03-12 04:24:48,132 - ERROR - Step 02 failed for ethylbenzene with return code 3221225786
2026-03-12 04:46:57,491 - INFO - Step 01 completed successfully for ethylbenzene
2026-03-12 04:53:01,220 - INFO - Step 02 completed successfully for ethylbenzene
2026-03-12 04:53:01,222 - INFO - Searching for alternatives in last 10 years for ethylbenzene
2026-03-12 04:57:43,315 - INFO - Step 03 completed successfully for ethylbenzene
2026-03-12 04:57:43,387 - INFO - Step03 results: 6/3368 papers have alternatives
2026-03-12 04:57:43,389 - INFO - Found alternatives for ethylbenzene within 10 years
2026-03-12 04:59:02,061 - INFO - Step 04 completed successfully for ethylbenzene
2026-03-12 04:59:02,063 - INFO - Pipeline completed for ethylbenzene
2026-03-12 05:23:31,630 - INFO - Step 01 completed successfully for 1,2-dichloroethane
2026-03-12 05:27:07,798 - INFO - Step 02 completed successfully for 1,2-dichloroethane
2026-03-12 05:27:07,800 - INFO - Searching for alternatives in last 10 years for 1,2-dichloroethane
2026-03-12 05:28:55,158 - INFO - Step 03 completed successfully for 1,2-dichloroethane
2026-03-12 05:28:55,168 - INFO - Step03 results: 8/1313 papers have alternatives
2026-03-12 05:28:55,168 - INFO - Found alternatives for 1,2-dichloroethane within 10 years
2026-03-12 05:30:34,587 - INFO - Step 04 completed successfully for 1,2-dichloroethane
2026-03-12 05:30:34,589 - INFO - Pipeline completed for 1,2-dichloroethane
2026-03-12 09:42:15,849 - INFO - Step 01 completed successfully for 1,2-dichloroethane
2026-03-12 09:46:11,078 - INFO - Step 02 completed successfully for 1,2-dichloroethane
2026-03-12 09:46:11,079 - INFO - Searching for alternatives in last 10 years for 1,2-dichloroethane
2026-03-12 09:48:10,208 - INFO - Step 03 completed successfully for 1,2-dichloroethane
2026-03-12 09:48:10,219 - INFO - Step03 results: 10/1313 papers have alternatives
2026-03-12 09:48:10,221 - INFO - Found alternatives for 1,2-dichloroethane within 10 years
2026-03-12 09:50:25,545 - INFO - Step 04 completed successfully for 1,2-dichloroethane
2026-03-12 09:50:25,548 - INFO - Pipeline completed for 1,2-dichloroethane
2026-03-23 13:46:57,008 - ERROR - Step 01 failed for butyl acrylate with return code 2
2026-03-23 13:46:57,011 - WARNING - Step 01 failed for butyl acrylate, skipping remaining steps
2026-03-23 13:49:19,000 - INFO - Step 01 completed successfully for butyl acrylate
2026-03-23 13:56:18,927 - INFO - Step 02 completed successfully for butyl acrylate
2026-03-23 13:56:18,929 - INFO - Searching for alternatives in last 10 years for butyl acrylate
2026-03-23 13:59:43,456 - INFO - Step 03 completed successfully for butyl acrylate
2026-03-23 13:59:43,515 - INFO - Step03 results: 39/2251 papers have alternatives
2026-03-23 13:59:43,517 - INFO - Found alternatives for butyl acrylate within 10 years
2026-03-23 14:08:08,969 - INFO - Step 04 completed successfully for butyl acrylate
2026-03-23 14:08:08,970 - INFO - Pipeline completed for butyl acrylate
2026-03-23 16:30:01,591 - INFO - Step 01 completed successfully for butyl acrylate
2026-03-23 16:32:27,422 - ERROR - Step 02 failed for butyl acrylate with return code 3221225786
2026-03-23 16:35:18,709 - INFO - Step 01 completed successfully for butyl acrylate
2026-03-23 16:41:24,558 - INFO - Step 02 completed successfully for butyl acrylate
2026-03-23 16:41:24,560 - INFO - Searching for alternatives in last 10 years for butyl acrylate
2026-03-23 16:45:03,018 - INFO - Step 03 completed successfully for butyl acrylate
2026-03-23 16:45:03,057 - INFO - Step03 results: 37/2251 papers have alternatives
2026-03-23 16:45:03,058 - INFO - Found alternatives for butyl acrylate within 10 years
2026-03-23 16:51:49,629 - INFO - Step 04 completed successfully for butyl acrylate
2026-03-23 16:51:49,631 - INFO - Pipeline completed for butyl acrylate
2026-03-24 15:57:47,358 - INFO - Step 01 completed successfully for butyl acrylate
2026-03-24 16:04:00,448 - INFO - Step 02 completed successfully for butyl acrylate
2026-03-24 16:04:00,454 - INFO - Searching for alternatives in last 10 years for butyl acrylate
2026-03-24 16:07:13,289 - INFO - Step 03 completed successfully for butyl acrylate
2026-03-24 16:07:13,432 - INFO - Step03 results: 5/2251 papers have alternatives
2026-03-24 16:07:13,435 - INFO - Found alternatives for butyl acrylate within 10 years
2026-03-24 16:08:59,075 - INFO - Step 04 completed successfully for butyl acrylate
2026-03-24 16:08:59,080 - INFO - Pipeline completed for butyl acrylate
2026-03-26 10:39:24,237 - INFO - Step 01 completed successfully for acrylonitrile
2026-03-26 10:44:36,366 - INFO - Step 02 completed successfully for acrylonitrile
2026-03-26 10:44:36,367 - INFO - Searching for alternatives in last 10 years for acrylonitrile
2026-03-26 10:56:06,333 - INFO - Step 03 completed successfully for acrylonitrile
2026-03-26 10:56:06,368 - INFO - Step03 results: 7/3622 papers have alternatives
2026-03-26 10:56:06,369 - INFO - Found alternatives for acrylonitrile within 10 years
2026-03-26 10:58:22,241 - INFO - Step 04 completed successfully for acrylonitrile
2026-03-26 10:58:22,242 - INFO - Pipeline completed for acrylonitrile
2026-03-26 10:59:45,539 - INFO - Step 01 completed successfully for formaldehyde
2026-03-26 11:04:29,453 - INFO - Step 02 completed successfully for formaldehyde
2026-03-26 11:04:29,454 - INFO - Searching for alternatives in last 10 years for formaldehyde
2026-03-26 11:19:34,437 - INFO - Step 03 completed successfully for formaldehyde
2026-03-26 11:19:34,461 - INFO - Step03 results: 89/3403 papers have alternatives
2026-03-26 11:19:34,462 - INFO - Found alternatives for formaldehyde within 10 years
2026-03-26 11:50:15,860 - INFO - Step 04 completed successfully for formaldehyde
2026-03-26 11:50:15,862 - INFO - Pipeline completed for formaldehyde
2026-03-26 11:50:51,715 - INFO - Step 01 completed successfully for allyl alcohol
2026-03-26 11:54:13,944 - INFO - Step 02 completed successfully for allyl alcohol
2026-03-26 11:54:13,944 - INFO - Searching for alternatives in last 10 years for allyl alcohol
2026-03-26 11:57:42,822 - INFO - Step 03 completed successfully for allyl alcohol
2026-03-26 11:57:42,830 - INFO - Step03 results: 0/1202 papers have alternatives
2026-03-26 11:57:42,830 - INFO - No alternatives found in 10 years. Extending search to 20 years...
2026-03-26 11:57:42,837 - INFO - Searching for alternatives in last 20 years for allyl alcohol
2026-03-26 12:04:18,797 - INFO - Step 03 completed successfully for allyl alcohol
2026-03-26 12:04:18,817 - INFO - Step03 results: 3/3207 papers have alternatives
2026-03-26 12:04:18,818 - INFO - Found alternatives for allyl alcohol within 20 years
2026-03-26 12:04:49,620 - INFO - Step 04 completed successfully for allyl alcohol
2026-03-26 12:04:49,621 - INFO - Pipeline completed for allyl alcohol
2026-03-26 12:06:03,263 - INFO - Step 01 completed successfully for bisphenol A
2026-03-26 12:11:05,314 - INFO - Step 02 completed successfully for bisphenol A
2026-03-26 12:11:05,314 - INFO - Searching for alternatives in last 10 years for bisphenol A
2026-03-26 12:33:39,420 - INFO - Step 03 completed successfully for bisphenol A
2026-03-26 12:33:39,454 - INFO - Step03 results: 123/4675 papers have alternatives
2026-03-26 12:33:39,455 - INFO - Found alternatives for bisphenol A within 10 years
2026-03-26 13:18:00,427 - INFO - Step 04 completed successfully for bisphenol A
2026-03-26 13:18:00,428 - INFO - Pipeline completed for bisphenol A
2026-03-26 13:18:28,035 - INFO - Step 01 completed successfully for cumene
2026-03-26 13:20:48,391 - INFO - Step 02 completed successfully for cumene
2026-03-26 13:20:48,391 - INFO - Searching for alternatives in last 10 years for cumene
2026-03-26 13:23:27,824 - INFO - Step 03 completed successfully for cumene
2026-03-26 13:23:27,831 - INFO - Step03 results: 3/835 papers have alternatives
2026-03-26 13:23:27,831 - INFO - Found alternatives for cumene within 10 years
2026-03-26 13:25:02,165 - INFO - Step 04 completed successfully for cumene
2026-03-26 13:25:02,166 - INFO - Pipeline completed for cumene
2026-03-26 13:26:22,331 - INFO - Step 01 completed successfully for vinyl acetate
2026-03-26 13:31:28,166 - INFO - Step 02 completed successfully for vinyl acetate
2026-03-26 13:31:28,166 - INFO - Searching for alternatives in last 10 years for vinyl acetate
2026-03-26 13:41:01,530 - INFO - Step 03 completed successfully for vinyl acetate
2026-03-26 13:41:01,550 - INFO - Step03 results: 6/2884 papers have alternatives
2026-03-26 13:41:01,551 - INFO - Found alternatives for vinyl acetate within 10 years
2026-03-26 13:43:41,254 - INFO - Step 04 completed successfully for vinyl acetate
2026-03-26 13:43:41,255 - INFO - Pipeline completed for vinyl acetate
2026-03-26 13:44:21,361 - INFO - Step 01 completed successfully for oxirane
2026-03-26 13:47:42,450 - INFO - Step 02 completed successfully for oxirane
2026-03-26 13:47:42,450 - INFO - Searching for alternatives in last 10 years for oxirane
2026-03-26 13:52:10,159 - INFO - Step 03 completed successfully for oxirane
2026-03-26 13:52:10,167 - INFO - Step03 results: 6/1299 papers have alternatives
2026-03-26 13:52:10,168 - INFO - Found alternatives for oxirane within 10 years
2026-03-26 14:02:30,491 - INFO - Step 04 completed successfully for oxirane
2026-03-26 14:02:30,491 - INFO - Pipeline completed for oxirane
2026-03-26 14:03:49,549 - INFO - Step 01 completed successfully for vinyl chloride
2026-03-26 14:09:59,246 - INFO - Step 02 completed successfully for vinyl chloride
2026-03-26 14:09:59,247 - INFO - Searching for alternatives in last 10 years for vinyl chloride
2026-03-26 14:19:34,175 - INFO - Step 03 completed successfully for vinyl chloride
2026-03-26 14:19:34,192 - INFO - Step03 results: 6/2541 papers have alternatives
2026-03-26 14:19:34,193 - INFO - Found alternatives for vinyl chloride within 10 years
2026-03-26 14:20:06,900 - INFO - Step 04 completed successfully for vinyl chloride
2026-03-26 14:20:06,901 - INFO - Pipeline completed for vinyl chloride
2026-03-26 14:20:35,766 - INFO - Step 01 completed successfully for tert-butyl methyl ether
2026-03-26 14:23:14,298 - INFO - Step 02 completed successfully for tert-butyl methyl ether
2026-03-26 14:23:14,299 - INFO - Searching for alternatives in last 10 years for tert-butyl methyl ether
2026-03-26 14:26:47,028 - INFO - Step 03 completed successfully for tert-butyl methyl ether
2026-03-26 14:26:47,035 - INFO - Step03 results: 6/877 papers have alternatives
2026-03-26 14:26:47,035 - INFO - Found alternatives for tert-butyl methyl ether within 10 years
2026-03-26 14:27:28,096 - INFO - Step 04 completed successfully for tert-butyl methyl ether
2026-03-26 14:27:28,097 - INFO - Pipeline completed for tert-butyl methyl ether
2026-03-26 14:27:35,949 - INFO - Step 01 completed successfully for benzene
2026-03-26 14:28:07,818 - INFO - Step 02 completed successfully for benzene
2026-03-26 14:28:07,818 - INFO - Searching for alternatives in last 10 years for benzene
2026-03-26 14:29:07,865 - INFO - Step 03 completed successfully for benzene
2026-03-26 14:29:07,867 - INFO - Step03 results: 2/243 papers have alternatives
2026-03-26 14:29:07,868 - INFO - Found alternatives for benzene within 10 years
2026-03-26 14:29:18,417 - INFO - Step 04 completed successfully for benzene
2026-03-26 14:29:18,418 - INFO - Pipeline completed for benzene
