title,doi,year,target,reasoning,alternatives,CHEMICAL HARM
TOXICIDADE DE INSETICIDAS UTILIZADOS NO MELOEIRO SOBRE PRIMEIRO INSTAR DE Chrysoperla genanigra FREITAS (NEUROPTERA: CHRYSOPIDAE),10.1590/1983-21252017V30N314RC,2017,cypermethrin,"The abstract explicitly states that chlorantraniliprole is classified as innocuous (Class 1) compared to other insecticides, including beta-cypermethrin, which is classified as harmful (Class 4). This indicates that chlorantraniliprole is a safer alternative to cypermethrin in the context of integrated pest management for muskmelon crops.",chlorantraniliprole,harmful to beneficial organisms (Chrysoperla genanigra larvae)
Which intervention is better for malaria vector control: insecticide mixture long-lasting insecticidal nets or standard pyrethroid nets combined with indoor residual spraying?,10.1186/s12936-017-1987-5,2017,cypermethrin,"The abstract discusses the use of Interceptor® G2 LN, which combines chlorfenapyr and alpha-cypermethrin, and indicates that this mixture provides improved control of pyrethroid-resistant malaria vectors compared to standard alpha-cypermethrin nets. While it does not explicitly state that it is safer than cypermethrin, the context implies a safer alternative due to its effectiveness against resistant vectors. Therefore, it can be interpreted as a safer alternative in the context of vector control.",,
"Hepatoprotective Effect of Curcumin Nano-Lipid Carrier against Cypermethrin Toxicity by Countering the Oxidative, Inflammatory, and Apoptotic Changes in Wistar Rats",10.3390/molecules28020881,2023,cypermethrin,"The abstract indicates that Curcumin-incorporated nano-lipid carrier (Cur-NLC) significantly ameliorates the toxic effects caused by cypermethrin (Cyp), suggesting it has a hepatoprotective effect against Cyp-induced toxicity. This implies that Cur-NLC is a safer alternative to cypermethrin in the context of liver toxicity.",Curcumin-incorporated nano-lipid carrier (Cur-NLC),"liver toxicity, increased serum hepatic biomarkers (ALT, AST, ALP), lipid peroxidation, decreased antioxidative activity (reduced glutathione, superoxide dismutase, catalase), upregulation of inflammatory cytokines (IL-1β, IL-6, TNF-α), enhanced expression of proteins related to inflammation and apoptosis (NF-κB, Apaf-1, 4-HNE, Bax), massive apoptosis indicated by DNA fragmentation and caspase activation, architectural changes in liver cells"
"Speed of action and in vitro efficacy of spinosad against sheep body lice, Bovicola ovis (Schrank) (Phthiraptera: Trichodectidae), resistant to pyrethroid, organophosphate or insect growth regulator insecticides",10.1111/J.1440-6055.2008.00652.X,2008,cypermethrin,"The abstract explicitly states that spinosad has lower toxicity than cypermethrin, indicating a safety advantage. This comparison suggests that spinosad is a safer alternative to cypermethrin for controlling sheep lice infestations.",spinosad,
Effective control of Alphitobius diaperinus using natural bioinsecticides,10.11594/jtls.12.03.01,2022,cypermethrin,"The abstract indicates that cinnamon bark extract and nutmeg seed extract can be used as natural biopesticides to replace synthetic insecticides, which implies they are safer alternatives to synthetic options like alpha-cypermethrin. However, it does not explicitly state safety advantages such as lower toxicity or environmental risks compared to cypermethrin.",,
Histopathological effects of cypermethrin and Bacillus thuringiensis var. israelensis on midgut of Chironomus calligraphus larvae (Diptera: Chironomidae).,10.1016/j.pestbp.2017.04.002,2017,cypermethrin,"The abstract indicates that Bacillus thuringiensis var. israelensis (Bti) is an environmentally benign and desirable alternative to cypermethrin (CYP). It suggests that Bti has a different toxicity profile compared to CYP, which implies a safety advantage, thus supporting the conclusion that Bti is a safer alternative.",Bacillus thuringiensis var. israelensis,"toxicity to Chironomus calligraphus larvae, histopathological alterations in midgut epithelium, cell disorganization in midgut, vacuolization in midgut cells, increased fat body development"
In-Vitro Effects of Ricinus Communis Seed Kernel Extract On Some Antioxidant And Hydrolytic Enzymes In Nymph And Adult Zonocerus Variegatus (Grasshopper),10.36108/pajols/9102/30(0130),2019,cypermethrin,"The abstract explicitly states that the seed kernel extract of Ricinus communis is a 'biopesticide alternative with greater potential than cypermethrin and chlorpyrifos', indicating it is a safer alternative. This suggests that RCSKE has advantages over cypermethrin in terms of safety or effectiveness.",Ricinus communis seed kernel extract,
"Maternal α-cypermethrin and permethrin exert differential effects on fetal growth, placental morphology, and fetal neurodevelopment in mice",10.1101/2025.03.16.643434,2025,cypermethrin,"The abstract discusses the effects of α-cypermethrin and permethrin on fetal development, indicating that α-cypermethrin has significant negative effects while permethrin does not. This suggests that permethrin may be a safer alternative to α-cypermethrin, as it does not significantly reduce fetal growth or alter placental morphology, which can be interpreted as a safety advantage in comparison to α-cypermethrin.",permethrin,"reduced fetal growth, altered placental layer morphology, placental toxicity, altered fetal neurodevelopment, downregulation of genes involved in extracellular matrix remodeling, altered glutamate receptor signaling, altered synaptogenesis, altered c-AMP signaling, shifts in fetal dorsal forebrain microglia morphology"
Preliminary Evaluation of Onion Bulb and Tobacco Leaf Extracts for Insect Control and Yield of Cowpea in the Southern Guinea Savanna of Nigeria,10.36108/nje/3202/93.0110,2023,cypermethrin,"The abstract compares onion and tobacco leaf extracts to cypermethrin and concludes that the plant extracts have potential to replace the synthetic insecticide for insect pest control, thus ensuring environmental safety. This indicates a safety advantage of the plant extracts over cypermethrin, presenting them as safer alternatives.",onion bulb extract; tobacco leaf extract,
"Susceptibility status of the wild-caught Phlebotomus argentipes (Diptera: Psychodidae: Phlebotominae), the sand fly vector of visceral leishmaniasis, to different insecticides in Nepal",10.1371/journal.pntd.0010304,2022,cypermethrin,"The abstract indicates that the vector sand flies have developed resistance to pyrethroids, including alpha-cypermethrin, and suggests switching to alternative classes of insecticides such as organophosphates (malathion) for IRS. This implies that organophosphates are considered a safer alternative due to the resistance issues with pyrethroids.",organophosphates; malathion,
A novel strategy to control the fall armyworm with entomopathogenic nematodes,10.35662/unine-thesis-3070,,cypermethrin,"The abstract explicitly states that the nematode-gel formulation was significantly more effective than the commonly used insecticide cypermethrin in reducing armyworm infestation and emphasizes the sustainable control potential of entomopathogenic nematodes. It highlights advantages such as preventing introduction of non-native species and prolonged survival with natural substances, implying safety and sustainability benefits over cypermethrin.",entomopathogenic nematodes,
"Resistance to commonly used insecticides and phosphine fumigant in red palm weevil, Rhynchophorus ferrugineus (Olivier) in Pakistan",10.1371/journal.pone.0192628,2018,cypermethrin,"The abstract indicates that spinosad and lambda-cyhalothrin exhibit better environmental profiles compared to older insecticides like cypermethrin. This suggests that they could serve as safer alternatives in insecticide rotation, implying a safety advantage over cypermethrin.",spinosad; lambda-cyhalothrin,
Impact of Nonchemical Protection of Broad Bean on Epigeic and Soil Arthropodofauna—Analysis in Field-Realistic Conditions,10.3390/agronomy10020211,2020,cypermethrin,"The abstract explicitly states that nonchemical preparations seemed to be safer for soil mites compared to chemical methods, including alpha-cypermethrin. This indicates a clear safety advantage of the nonchemical methods over cypermethrin, suggesting they are a safer alternative.",,
"Efficacite des bioinsecticides a base de l’huile essentielle de Cymbopogon schoenanthus (L.) spreng contre les punaises rouges (Dysdercus voelkeri, schmidt) en culture cotonniere au Togo",10.18697/AJFAND.98.20095,2021,cypermethrin,"The abstract indicates that the essential oil of Cymbopogon schoenanthus can be used as a biopesticide alternative to synthetic chemical insecticides, including cypermethrin. It highlights the potential for reduced pest populations and lower toxicity compared to conventional insecticides, suggesting a safer option.",essential oil of Cymbopogon schoenanthus,"persistence, high toxicity to human health, high toxicity to the environment"
"Comparative Efficacy of Three Bio-insecticides and a Synthetic Insecticide in Controlling Insect Pests of Cowpea (Vigna unguiculata -L. Walp.) in Vola, Nigeria.",10.36108/nje/2102/92.0140,2012,cypermethrin,"The abstract concludes that all tested plant extracts have the potential to substitute synthetic insecticides, which implies they may be safer alternatives to cypermethrin. However, it does not explicitly state any safety advantages such as lower toxicity or environmental risks compared to cypermethrin.",,
"Contact toxicity of insecticides against honeybees, Apis mellifera L. under laboratory conditions",10.33545/26174693.2024.v8.i10sm.2650,2024,cypermethrin,"The abstract discusses various insecticides and their effects on honey bees, indicating that some treatments resulted in lower mortality rates compared to Cypermethrin. Specifically, it highlights that Chlorantraniliprole combined with Azadirachtin caused lower cumulative mortality in honey bees than Cypermethrin, suggesting it is a safer alternative. However, it does not explicitly state that Chlorantraniliprole is a safer alternative, but the context implies a comparison of safety.",,"100% mortality in honey bees upon residual exposure, Rapid toxicity with LT50 of 6.25 hours in honey bees"
IPM-compatibility of foliar insecticides for citrus: Indices derived from toxicity to beneficial insects from four orders,10.1673/031.003.1801,2003,cypermethrin,"The abstract indicates that indoxacarb (Avaunt® WG) ranked highest overall for safety to beneficial insects due to its low dermal toxicity, suggesting it is a safer alternative to cypermethrin. It explicitly compares the safety of indoxacarb to other compounds, including cypermethrin, in the context of toxicity to beneficial insects.",indoxacarb,"toxicity to beneficial insects, increased developmental time in lacewing and coccinellid larvae"
Effects of the insecticides methoxyfenozide and cypermethrin on non‐target arthropods: a field experiment,10.1111/aen.12230,2017,cypermethrin,"The abstract clearly states that methoxyfenozide is a less toxic alternative to cypermethrin, as it resulted in a significantly lower number of dead arthropods and affected fewer taxonomic groups. This indicates that methoxyfenozide has safety advantages over cypermethrin, making it a safer alternative.",methoxyfenozide,"toxicity to non-target arthropods, lethality to multiple arthropod groups including Dyctioptera, Pseudoscorpionida, Isopoda, dipterans, coleopterans, hymenopterans, harm to predators, herbivores, and parasitoids"
"Intensity of insecticide resistance in the major malaria vector Anopheles funestus from Chikwawa, rural Southern Malawi",10.1186/s13071-022-05299-3,2022,cypermethrin,"The abstract mentions that effective non-pyrethroids, such as pirimiphos-methyl, could provide a safer alternative to pyrethroids like cypermethrin, as it indicates full susceptibility and higher mortality rates compared to cypermethrin. This suggests that pirimiphos-methyl is a safer option in the context of insecticide resistance management.",pirimiphos-methyl,
"Cardioprotective Effects of Nano-Piperine Against Cypermethrin Toxicity Through Oxidative Stress, Histopathological and Immunohistochemical Studies in Male Wistar Rats",10.1177/1934578X231154029,2023,cypermethrin,"The abstract indicates that nano-piperine (NP) significantly ameliorated the toxic effects caused by cypermethrin (Cyp), suggesting that NP has cardioprotective effects against Cyp-induced toxicity. This implies that NP may serve as a safer alternative to cypermethrin in terms of reducing toxicity and improving health outcomes.",nano-piperine,"cardiotoxicity, organ toxicity, increase in serum cardiac injury biomarkers, tissue lipid peroxidation, decrease in antioxidative activity, upregulation of inflammatory cytokines (interleukin 1β, interleukin 6), enhanced expression of NF-kB, Apaf-1, 4-HNE, and Bax, histopathological changes including myolysis, loss of striation, and hemorrhages"
Profiling Pesticide Biodegradation by Phyllosphere Microbes for Putative Role in Effectuating Remediation of Common Pesticides,10.22207/jpam.19.3.45,2025,cypermethrin,"The abstract indicates that the secondary metabolites produced during the degradation of cypermethrin (3-Phenoxybenzaldehyde) exhibit lower acute toxicity than cypermethrin itself. This suggests a safety advantage, implying that the degradation process leads to a safer alternative. However, it does not explicitly name a replacement for cypermethrin, but the context implies a safer outcome through biodegradation.",,
Management of Leucinodes Orbonalis Guenee on Eggplants During the Rainy Season in India,10.2478/V10045-011-0053-5,2011,cypermethrin,"The abstract compares several treatments to cypermethrin, noting that a ready-mix formulation containing cypermethrin was highly toxic and unsafe for predators and pollinators. Emamectin benzoate, specifically in the product Naturolyte, was found safe for predators and bees and allowed substantial survival of beneficial insects, indicating a safety advantage over cypermethrin. Thus, emamectin benzoate is presented as a safer alternative to cypermethrin.",emamectin benzoate,"high toxicity to predatory coccinellids and spiders, high toxicity to pollinating bees"
Side effects of toxic bait formulations on Diachasmimorpha longicaudata (Hymenoptera: Braconidae),10.1038/s41598-019-49106-z,2019,cypermethrin,"The abstract compares the toxicity of various bait formulations including alpha-cypermethrin and spinosad/spinetoram-based formulations. It states that formulations with alpha-cypermethrin showed high toxicity (>90% mortality) to the parasitoid, while spinosad and spinetoram formulations were classified as harmless (<10% mortality) and did not reduce parasitism or emergence rates. This indicates that spinosad/spinetoram-based toxic baits are safer alternatives to cypermethrin for managing Ceratitis capitata.",spinosad; spinetoram,"high toxicity to Diachasmimorpha longicaudata adults (>90% mortality), classified as harmful (Class 4) to Diachasmimorpha longicaudata"
Efecto de caldo sulfocálcico en el control de garraptas del ganado bovino,10.5377/RCI.V15I2.1925,2015,cypermethrin,"The abstract indicates that sulfocalcico broth is a treatment that is 'less harmful to the environment' compared to cypermethrin, suggesting it is a safer alternative. Although both treatments are statistically similar in effectiveness, the emphasis on environmental safety provides a clear safety advantage over cypermethrin.",sulfocalcico broth,
Efficacy of New Molecules and Botanicals against Chilli (Capsicum annuum L.) Pests,10.29321/maj.10.001132,2015,cypermethrin,"The abstract indicates that pesticides from biological origin and neem-based formulations are relatively less harmful to natural enemies compared to cypermethrin. This suggests a safety advantage, implying they could be considered safer alternatives to cypermethrin.",pesticides from biological origin; neem-based formulations,harmful to natural enemies
Cinnamomum zeylanicum Essential Oil Reduces Infestation by Alphitobius diaperinus in Poultry Litter,10.22456/1679-9216.86074,2018,cypermethrin,"The abstract explicitly compares Cinnamomum zeylanicum essential oil to cypermethrin, showing that cypermethrin was ineffective at controlling Alphitobius diaperinus even at higher doses, while the essential oil effectively reduced infestation without causing toxicity to broiler chicks. It highlights the essential oil's rapid degradation and lack of risk for non-target organisms, indicating safety advantages over cypermethrin. Therefore, the essential oil is presented as a safer alternative to cypermethrin.",Cinnamomum zeylanicum essential oil,
Potential impact of host pest fed on Bt-modified corn on the development of Chrysoperla carnea (Stephens) (Neuroptera: Chrysopidae),10.1186/s41938-017-0018-8,2018,cypermethrin,"The abstract compares the effects of Bt Cry2Ab/1Ac toxins and cypermethrin on Chrysoperla carnea eggs and shows that cypermethrin severely affected egg hatchability while Bt toxins did not. It explicitly states that adopting Bt toxins or Bt-modified crops will not only affect C. carnea less but also enhance its biological control potential, indicating a safety advantage over cypermethrin.",Bt Cry2Ab/1Ac toxins,severe effect on hatchability of Chrysoperla carnea eggs
"Laboratory and field studies on the integrated pest management of Helicoverpa armigera (Hübner) in cotton, based on pheromone trap catch threshold level",10.1046/j.1439-0418.2000.00466.x,2000,cypermethrin,"The abstract mentions nimbecidine and dipel as insecticides that resulted in zero mortality for beneficial insects, indicating they are safer alternatives compared to cypermethrin, which caused a low level of mortality. This suggests that nimbecidine and dipel are safer options in the context of integrated pest management for Helicoverpa armigera.",nimbecidine; dipel,toxicity to parasitoids and predators
"Comparative toxicity of chlorfluazuron (IKI-7899) and cypermethrin to Spodoptera littoralis, Lobesia botrana and Drosophila melanogaster",10.1016/0261-2194(86)90069-4,1986,cypermethrin,"The abstract states that chlorfluazuron has low toxicity to humans and the environment, which indicates a safety advantage over cypermethrin. This suggests that chlorfluazuron is a safer alternative to cypermethrin in agricultural pest control.",chlorfluazuron,
Comparative studies on acylurea insect growth regulators and neuroactive insecticides for the control of the armyworm Spodoptera exempta Walk,10.1002/PS.2780350213,1992,cypermethrin,"The abstract compares the toxicity and effects of teflubenzuron and cypermethrin, indicating that teflubenzuron does not significantly affect larval weight gain or feeding behavior, while cypermethrin does. This suggests that teflubenzuron may be a safer alternative to cypermethrin due to its lower impact on larval health and behavior.",teflubenzuron,"toxicity to larvae of Spodoptera exempta and Spodoptera littoralis, dose-dependent repellent effect on S. littoralis larvae, reduction in larval weight gain in S. exempta and S. littoralis, antifeedant effect leading to reduced feeding and growth"
Bio-Rational Management of Armyworm (Mythimna separata) (Lepidoptera: Noctuidae) in Chitwan Condition of Nepal,10.3126/JIAAS.V35I1.22532,2018,cypermethrin,"The abstract identifies Spinosad as a 'safe and eco-friendly insecticide' with potential to replace synthetic pesticides including cypermethrin (part of Lara treatment). It highlights Spinosad's ability to reduce pesticide consumption and provide a benign environment for natural predators, implying safety advantages over cypermethrin.",Spinosad,
"Sequential application of bio-pesticide, botanical and chemical insecticide to manage aphid and pod borer attacking yard long bean",10.3329/BJAR.V42I3.34512,2017,cypermethrin,"The abstract mentions the 'hazardous effect of cypermethrin alone' and suggests that its application followed by bio-pesticide (Bacillus thuringiensis) and botanical (neem oil) sequentially would be promising for integrated pest management. This implies that the combination of Bt and neem oil is a safer alternative to cypermethrin, as it addresses the safety concerns associated with cypermethrin's use.",Bacillus thuringiensis; neem oil,hazardous affect of cypermethrin
PRONet Duo insecticide-treated net incorporated with chlorfenapyr and bifenthrin is superior to Interceptor® G2 nets against pyrethroid-resistant Anopheles gambiae sensu lato: a randomized experimental hut trial in Côte d’Ivoire and Tanzania using non-inferiority design,10.3389/fmala.2025.1540884,2025,cypermethrin,"The abstract compares PRONet Duo, which contains bifenthrin and chlorfenapyr, to Interceptor® G2, which contains alpha-cypermethrin. It demonstrates that PRONet Duo has superior mosquito mortality and prevention of blood-feeding compared to Interceptor® G2, indicating it is a safer alternative in the context of pyrethroid resistance. The mention of chlorfenapyr's mechanism of disrupting cellular energy production suggests a safety advantage over cypermethrin.",bifenthrin; chlorfenapyr,
Effects of Certain Pesticides on the Predatory Mite Typhlodromus ndibu Pritchard and Baker (Acari: Phytoseiidae),10.3390/agriculture13091776,2023,cypermethrin,"The abstract mentions matrine and azadirachtin as active ingredients of plant origin that are classified as slightly harmful to T. ndibu, with mortality rates being less than 50%. This suggests that they may be safer alternatives compared to the more toxic substances like fenpyroximate and alpha-cypermethrin, although a direct comparison to cypermethrin is not explicitly stated.",,
"Bioefficacy, phytotoxicity and insecticide residue dynamics of chlorantraniliprole in brinjal (Solanum melongena) under field condition",10.56093/ijas.v92i10.124925,2022,cypermethrin,"The abstract compares chlorantraniliprole (CAP) with cypermethrin and states that CAP can be an effective alternative ensuring quality, sustainability, and safety. It highlights that CAP did not show phytotoxic effects and did not affect natural enemies, implying safety advantages over cypermethrin. Thus, chlorantraniliprole is presented as a safer alternative to cypermethrin.",chlorantraniliprole,
Insecticidal Action of Glycerol Monolaurate against the Lesser Mealworm (Alphitobius diaperinus) and its Ecotoxicological Effect on Enchytraeus crypticus,10.22456/1679-9216.84206,2018,cypermethrin,"The abstract compares glycerol monolaurate (GML) to cypermethrin, stating that cypermethrin can damage soil fauna due to intensive use, whereas GML did not cause negative effects on soil fauna in their tests. This indicates a safety advantage of GML over cypermethrin, suggesting GML as a potential safer alternative for controlling the lesser mealworm.",glycerol monolaurate (GML),damage to soil fauna due to intensive utilization
Lethal and sublethal effects of toxic bait formulations on Doryctobracon areolatus (Hymenoptera: Braconidae) and implications for integrated fruit fly management,10.1093/jee/toad069,2023,cypermethrin,"The abstract indicates that toxic baits formulated with phosmet and spinosyn-based insecticides resulted in lower mortality rates (38% to 72% and <50%, respectively) compared to the alpha-cypermethrin-containing bait, which had a mortality rate greater than 85%. This suggests that phosmet and spinosad are safer alternatives to cypermethrin in terms of their impact on the native parasitoid Doryctobracon areolatus.",phosmet; spinosad,harmful to native parasitoid Doryctobracon areolatus (mortality > 85% at 96 HAE)
Genetically modified potatoes expressing Cry 3A protein do not affect aphidophagous coccinellids,10.1111/j.1439-0418.2005.00987.x,2005,cypermethrin,"The abstract compares genetically modified Bt potatoes expressing Cry 3Aa protein with the use of alpha-cypermethrin insecticide. It reports that alpha-cypermethrin caused a significant decrease in beneficial aphidophagous coccinellids, whereas Bt potatoes did not affect these beneficial insects. This indicates a safety advantage of Bt potatoes over alpha-cypermethrin, suggesting Bt potatoes as a safer alternative for controlling Colorado potato beetle.",Bt potatoes expressing Cry 3Aa protein,significant decrease in the abundance of aphidophagous coccinellids
EFFECT OF RAINS ON TREATED SOIL WITH TERMITICIDES AGAINST SUBTERRANEAN TERMITES IN EGYPT.,10.21608/jppp.2008.217770,2008,cypermethrin,"The abstract indicates that chlorpyrifos showed higher safety compared to cypermethrin, suggesting it is a safer alternative. It explicitly states that chlorpyrifos has higher safety, which can be interpreted as a safety advantage over cypermethrin.",chlorpyrifos,"toxicity to subterranean termites, lower safety to the water table"
SUSTAINABLE APPROACHES FOR FRUIT FLY MANAGEMENT IN BITTER GOURD CULTIVATION,10.26480/itechmag.06.2024.13.20,2024,cypermethrin,"The abstract indicates that Bacillus thuringiensis (Bt) is effective in controlling fruit flies and highlights its advantages over Chlorpyriphos and Cypermethrin, specifically mentioning that it has no adverse effects on the environment or human health. This suggests that Bt is a safer alternative to Cypermethrin.",Bacillus thuringiensis (Bt),"persistence, bioaccumulation, biomagnification"
Ovicidal Toxicity and Morphological Changes in Housefly Eggs Induced by the Essential Oils of Star Anise and Lemongrass and Their Main Constituents,10.3390/insects15070481,2024,cypermethrin,"The abstract explicitly compares two combinations of essential oils (lemongrass EO + trans-anethole and star anise EO + geranial) to α-cypermethrin, showing they are at least as effective in ovicidal activity and are safe for non-target aquatic species, whereas α-cypermethrin is not safe. This safety advantage and comparable efficacy clearly indicate these combinations as safer alternatives to cypermethrin.",lemongrass essential oil + trans-anethole; star anise essential oil + geranial,toxicity to non-target aquatic species (guppy and molly)
"Bioassay-Guided Isolation of Piplartine from Piper purusanum Yunck (Piperaceae) and Evaluation of Its Toxicity Against Aedes aegypti Linnaeus, 1762, Anopheles darlingi Root, 1926 (Culicidae), and Non-Target Animals",10.3390/plants14050774,2025,cypermethrin,"The abstract explicitly compares piplartine to α-cypermethrin, stating that piplartine showed no lethal effects on non-target aquatic insects, while α-cypermethrin demonstrated acute and rapid toxicity with only 9.1% survival. This indicates that piplartine is a safer alternative due to its selective toxicity and low environmental impact.",piplartine,acute and rapid toxicity to non-target organisms
Effect of the Biotic Insecticide Bacillus thuringiensis and a Pyrethroid on Survival of Predators of Chrysophtharta bimaculata (Olivier) (Coleoptera: Chrysomelidae),10.1111/j.1440-6055.1994.tb01238.x,1994,cypermethrin,"The abstract compares Bacillus thuringiensis var. tenebrionis and cypermethrin in terms of their effects on non-target insects. Bacillus thuringiensis adversely affected only one predator species, while cypermethrin adversely affected all insects tested, indicating a broader negative impact. This suggests Bacillus thuringiensis may have a safety advantage over cypermethrin as an insecticide.",Bacillus thuringiensis var. tenebrionis,adverse effects on survival of insects
COMPARATIVE EFFICACY OF SYNTHETIC INSECTICIDES ON MANGO HOPPER COMPLEX,10.63759/bje.31.1.8,2023,cypermethrin,"The abstract indicates that Desis 2.5 EC and Sumithion 50 EC are comparatively safer than Relothrin 10 EC and Ripcord 10 EC, which are both cypermethrin formulations, in terms of their impact on natural enemy populations. This suggests that these alternatives may pose lower risks to beneficial insects, indicating a safety advantage over cypermethrin.",Desis 2.5 EC; Sumithion 50 EC,"negative impact on the abundances of natural enemies, less safe regarding the abundances of ladybird beetle, spider and wasp populations compared to other insecticides"
"Comparative Efficacy of Cypermethrin and Plant Extract in the Control of Cucumber Pests in Ado Ekiti, Southwestern Nigeria",10.9734/arja/2023/v16i4398,2023,cypermethrin,"The abstract indicates that extracts of Datura stramonium, Ricinus communis, and Sida acuta can replace synthetic insecticides like cypermethrin in managing cucumber pests. While it does not explicitly state that these alternatives are safer, the context implies a shift from synthetic to plant-based solutions, which are generally perceived as safer.",,
"EVALUATION OF INSECTICIDES FOR PROTECTION OF WHEAT AGAINST DAMAGE BY THE WHEAT MIDGE, SITODIPLOSIS MOSELLANA (GÉHIN) (DIPTERA: CECIDOMYIIDAE)",10.4039/Ent120615-7,1988,cypermethrin,"The abstract indicates that chlorpyrifos, endosulfan, and malathion provided significantly better kernel protection (60–75%) than cypermethrin (<7%). This suggests that these insecticides are safer alternatives to cypermethrin in terms of efficacy against the wheat midge, as they offer better protection.",,
"Induction of Various Diseases in Clarias batrachus (Linnaeus, 1758) Following Exposure to Cypermethrin and Fenvalerate, with Reference to Histopathological and Physiological Alterations",10.22214/ijraset.2025.74295,2025,cypermethrin,"The abstract compares the lethal concentrations of Cypermethrin and Fenvalerate, indicating that Fenvalerate has a higher lethal concentration (LC50 of 250 μg/litre) compared to Cypermethrin (LC50 of 0.25 μg/litre). This suggests that Fenvalerate may be a safer alternative due to its higher lethal dose, implying lower toxicity. Therefore, Fenvalerate is presented as a safer alternative to Cypermethrin.",fenvalerate,"acute toxicity at lethal concentration, generation of different types of diseases"
"Effectiveness of some synthetic Pyrethroids against Larvae of the Teak skeletonizer, Eutectona machaeralis (Walker)",10.54207/bsmps1000-2008-7kt4e7,2008,cypermethrin,"The abstract explicitly states that deltamethrin 0.01 per cent is 'proved effective, safer and economical as compared to cypermethrin 0.01 per cent', indicating that deltamethrin is a safer alternative to cypermethrin.",deltamethrin,
"Influence of Debarking and Insecticidal Treatments Using Cypermethrin on Fresh Logs of Indonesian Pine, Pinus merkusii, on Attack by Ambrosia Beetle, Xyleborus sp.",10.3844/AJABSSP.2011.440.443,2011,cypermethrin,"The abstract indicates that bark-on logs are preferred over debarked logs because they prevent beetle attacks without the need for insecticidal treatment, which suggests a safer alternative to using cypermethrin. The mention of environmental acceptability further supports this conclusion.",,
"Ovicidal and Deleterious Effects of Cashew (Anacardium occidentale) Nut Shell Oil and Its Fractions on Musca domestica, Chrysomya megacephala, Anticarsia gemmatalis and Spodoptera frugiperda",10.1002/cbdv.201800468,2019,cypermethrin,"The abstract indicates that the mortality rate of the evaluated compounds from cashew nut shell oil was lower than that of cypermethrin, suggesting that these compounds may be safer alternatives. Specifically, it mentions that the commercial compound cypermethrin had a higher mortality rate compared to the fractions of Anacardium occidentale, implying a safety advantage.",compounds from cashew nut shell oil; fractions of Anacardium occidentale,
Synergistic Effects of Beauveria bassiana and Insecticides for Integrated Management of Bactrocera dorsalis (Hendel) (Diptera: Tephritidae),10.3390/insects16101067,2025,cypermethrin,"The abstract discusses the integration of Beauveria bassiana with reduced doses of emamectin benzoate, highlighting its potential to reduce pesticide usage and mitigate environmental impacts. While it does not explicitly state that this combination is safer than cypermethrin, it suggests an environmentally friendly alternative to conventional chemical control methods, which can be interpreted as a safer option in the context of pest management.",,
Protective effects of garlic extract and vitamin C against in vivo cypermethrin-induced teratogenic effects in rat offspring.,10.1016/j.fct.2010.08.011,2010,cypermethrin,"The abstract indicates that garlic extract and vitamin C significantly reduce the reproductive toxicity and teratogenic effects induced by cypermethrin. This suggests that these substances may serve as safer alternatives to cypermethrin in mitigating its harmful effects, although they are not directly compared in terms of safety. Therefore, garlic extract and vitamin C can be interpreted as safer alternatives in the context of cypermethrin's adverse effects.",garlic extract; vitamin C,"reproductive toxicity, teratogenesis, post-implantation deaths, dwarf foeti, subcutaneous oedema, decrease in live borne foeti, visceral malformations including nasal, ophthalmic, cerebral, pulmonary, cardiac, and renal malformations"
"DETRIMENTAL EFFECTS OF COMMONLY USED INSECTICIDES IN OIL PALM TO POLLINATING WEEVIL, Elaeidobius kamerunicus FAUST. (Coleoptera: Curculionidae)",10.21894/jopr.2020.0048,2020,cypermethrin,"The abstract compares the lethality of cypermethrin, trichlorfon, fipronil, and Bacillus thuringiensis on the pollinating weevil Elaeidobius kamerunicus. It states that Bacillus thuringiensis was less harmful to the weevil mortality (<20%) even at the highest concentration, indicating a lower toxicity compared to cypermethrin. This suggests Bacillus thuringiensis may be a safer alternative to cypermethrin for protecting this pollinator.",Bacillus thuringiensis,lethality to Elaeidobius kamerunicus (insect pollinator)
Potential of chlorpyrifos and cypermethrin forming DNA adducts.,10.1016/J.MRGENTOX.2005.12.003,2006,cypermethrin,"The abstract discusses the potential of chlorpyrifos and cypermethrin in forming DNA adducts, indicating that chlorpyrifos does not form DNA adducts while cypermethrin does. This suggests that chlorpyrifos may be a safer alternative to cypermethrin in terms of DNA damage potential.",chlorpyrifos,"formation of DNA monoadducts, formation of DNA interstrand crosslinks, potential gene mutations, initiation of carcinogenesis"
Development and characterization of Nanoemulsions loaded with essential oil and β-cypermethrin and their bioefficacy on insect pest of economic and medical importance.,10.1002/ps.7613,2023,cypermethrin,"The abstract indicates that nanoemulsions (NEs) based on essential oils offer a safer alternative for human health and the environment compared to conventional methods, which can be interpreted as a safer alternative to cypermethrin. However, it does not explicitly state that these NEs are safer than cypermethrin itself, but rather suggests they are safer alternatives in general.",,
"Pyrethroid-resistant malaria vector Anopheles gambiae restored susceptibility after pre-exposure to piperonyl-butoxide: results from country-wide insecticide resistance monitoring in Tanzania, 2023",10.1186/s12936-024-05211-7,2024,cypermethrin,"The abstract indicates that the transition to PBO-based insecticide-treated nets (ITNs) is justified due to widespread pyrethroid resistance, suggesting that PBO is a safer alternative to pyrethroids like cypermethrin. It highlights the restoration of susceptibility to pyrethroids after pre-exposure to PBO, which implies a safety advantage over traditional pyrethroids.",piperonyl butoxide (PBO),
INDUSTRY-WIDE EFFORTS IN CIRCUMVENTING THE SCOURGE OF BAGWORM INFESTATION IN MALAYSIA- WHAT HAVE GONE WRONG AND WHAT SHOULD BE DONE,10.56333/tp.2019.006,2019,cypermethrin,"The abstract mentions the use of Bacillus thuringiensis as a recommended option to conserve natural enemies, which implies it is a safer alternative to broad-spectrum insecticides like cypermethrin. This is supported by the context that highlights the negative impacts of cypermethrin on the ecosystem and pest populations.",Bacillus thuringiensis,
"Efficacy of the entomopathogenic fungus Metarhizium anisopliae (Clavicipitaceae: Hypocreales) against the black bean aphid (Aphis fabae Scopoli, 1763) under laboratory conditions",10.58697/ajter030106,2024,cypermethrin,"The abstract discusses the use of Metarhizium anisopliae as a biopesticide and suggests it as a viable alternative to synthetic chemicals, including alpha-cypermethrin, for managing black bean aphids. While it does not explicitly state that Metarhizium anisopliae is safer than cypermethrin, it implies a reduction in reliance on synthetic chemicals, which can be interpreted as a safety advantage in the context of environmental and human health threats.",,
Evidence supporting deployment of next generation insecticide treated nets in Burkina Faso: bioassays with either chlorfenapyr or piperonyl butoxide increase mortality of pyrethroid-resistant Anopheles gambiae,10.1186/s12936-021-03936-3,2021,cypermethrin,"The abstract indicates that Interceptor G2, which contains chlorfenapyr, may be a better long-term solution compared to pyrethroid nets due to confirmed susceptibility in nearly all sites. This suggests that chlorfenapyr is a safer alternative to cypermethrin, as it addresses the issue of pyrethroid resistance and offers greater control.",chlorfenapyr,
Enhanced mosquitocidal efficacy of pyrethroid insecticides by nanometric emulsion preparation towards Culex pipiens larvae with biochemical and molecular docking studies,10.1186/s42506-021-00082-1,2021,cypermethrin,"The abstract indicates that the formulated nano-pyrethroids could serve as an alternative to conventional pesticide applications, suggesting a greener and potentially safer approach. It specifically mentions that the mosquitocidal concentration of nanopesticides was found to be non-toxic to the freshwater alga Raphidocelis subcapitata, which implies a safety advantage over traditional formulations, including cypermethrin.",nano-pyrethroids; nanopesticides,
Changes in malathion and pyrethroid resistance after cypermethrin selection of Culex quinquefasciatus field populations of Cuba,10.1111/j.1365-2915.1993.tb00663.x,1993,cypermethrin,"The abstract discusses the use of pirimiphos-methyl as part of a resistance management strategy to avoid the spread of pyrethroid resistance, which implies it is being used as a safer alternative to cypermethrin in this context. It does not explicitly state that pirimiphos-methyl is safer than cypermethrin, but it suggests a strategic shift to avoid resistance issues associated with cypermethrin.",,
CONTACT TOXICITY OF TWENTY-ONE INSECTICIDES TO ADULTS OF THE CARROT RUST FLY (DIPTERA: PSILIDAE),10.4039/ENT1171025-8,1985,cypermethrin,"The abstract compares the toxicity of cypermethrin to diazinon, indicating that diazinon is less toxic to the carrot rust fly than cypermethrin. This suggests that diazinon could be considered a safer alternative to cypermethrin in this context.",diazinon,
Control of Acute Thermal Stress in Broilers Ross Line 308 by Inclusion of Betaine in the Water and its Economic Analysis,10.17163/lgr.n35.2022.06,2022,cypermethrin,"The abstract discusses the environmental risk coefficients of zeta-cypermethrin, pendimethalin, and profenofos, indicating that pendimethalin has a significantly lower environmental risk (0.09%) compared to zeta-cypermethrin (92.77%). This suggests that pendimethalin may be a safer alternative to zeta-cypermethrin based on its lower environmental risk.",pendimethalin,"environmental impact, high environmental risk (92.77% CR value)"
THE EFFECT OF ACARICIDAL DRUGS BASED ON HERBAL RAW MATERIAL ON THE FERTILITY OF IXODES RICINUS,10.31618/essa.2782-1994.2021.4.75.174,2021,cypermethrin,"The abstract presents an acaricidal drug developed from thymol, citral, and sage essential oil, which is compared to cypermethrin. It highlights the environmental friendliness and lower impact on human and animal health of the new drug, suggesting it is a safer alternative to cypermethrin.",thymol; citral; sage essential oil,
Proliferation and TH1/TH2 Cytokine Production in Human Peripheral Blood Mononuclear Cells after Treatment with Cypermethrin and Mancozeb In Vitro,10.1155/2014/308286,2014,cypermethrin,"The abstract discusses the effects of mancozeb in comparison to cypermethrin, indicating that mancozeb induced beneficial immune responses such as increased lymphocyte proliferation and modulation of cytokine production, while cypermethrin did not cause significant effects. This suggests that mancozeb may be a safer alternative to cypermethrin in terms of immunomodulatory effects.",mancozeb,
INSECTICIDAL EVALUATION OF Bridelia micrantha AND Dalbergia lactea AQUEOUS EXTRACTS FOR THE CONTROL OF Podagrica uniforma (Jacoby) AND Nisotra dilecta (Jacoby) (COLEOPTERA: CHYSOMELIDAE) INFESTATION ON OKRA,10.17503/AGRIVITA.V38I3.845,2016,cypermethrin,"The abstract indicates that the plant extracts of Bridelia micrantha and Dalbergia lactea are effective in reducing insect populations and improving okra fruit yield compared to Cypermethrin. This suggests that these plant extracts could serve as promising insecticidal agents, implying they may be safer alternatives to Cypermethrin in the context of insect pest management.",,
"The Insect Pest Management Strategies and Their Influence on The Emergence Rate of Elaeidobius kamerunicus Faust (Coleoptera: Curculionidae) From The Post-Anthesising Male Inflorescence of Oil Palm, Elaeis guineensis",10.55230/mabjournal.v52i5.icfic06,2023,cypermethrin,"The abstract explicitly states that cypermethrin negatively influences the emergence rate of the pollinating weevil, while biopesticides have minimal impact. It recommends replacing cypermethrin with biopesticides to complement Integrated Pest Management strategies, indicating biopesticides as a safer alternative.",biopesticides,"negative influence on emergence rate of Elaeidobius kamerunicus, threat to future population of pollinating weevil"
Impact of spray application methodology on the development of resistance to cypermethrin and spinosad by fall armyworm Spodoptera frugiperda (JE Smith).,10.1002/PS.1241,2006,cypermethrin,"The abstract compares cypermethrin and spinosad, indicating that spinosad has a lower insecticidal activity and does not show significant resistance development compared to cypermethrin. This suggests that spinosad may be a safer alternative due to its lower toxicity and resistance development in the context of pest management.",spinosad,
Impact of indoor residual spraying on malaria parasitaemia in the Bunkpurugu-Yunyoo District in northern Ghana,10.1186/s13071-018-3130-z,2018,cypermethrin,"The abstract indicates that pirimiphos-methyl was used as a replacement for alpha-cypermethrin and resulted in a substantial decline in malaria parasitaemia. This suggests that pirimiphos-methyl is a safer alternative due to its greater efficacy in reducing malaria prevalence, which can be interpreted as a safety advantage in the context of malaria control.",pirimiphos-methyl,
"Insecticide Induced Resurgence of Brown Planthopper, Nilaparvata lugens (Stål) on Rice",10.52804/ijaas2021.227,2021,cypermethrin,"The abstract compares the resurgence ratios of various insecticides, including cypermethrin, with those of Pymetrozine 50WG, which shows a significantly lower resurgence ratio (0.26). This indicates that Pymetrozine 50WG is a safer alternative to cypermethrin in terms of inducing less resurgence of the brown planthopper.",Pymetrozine 50WG,
"Potential of Entomopathogenic Nematodes versus Alpha-cypermethrin Against Potato Tuber Moth, Phthorimaea operculella Zeller 1873 (Lep.: Gelechiidae) in Storage Conditions",10.20944/PREPRINTS202102.0472.V1,2021,cypermethrin,"The abstract indicates that Steinernema carpocapsae and Steinernema feltiae have no environmental and health adverse impacts compared to alpha-cypermethrin, suggesting they are safer alternatives. It explicitly states that EPNs (entomopathogenic nematodes) can be considered an appropriate alternative to synthetic chemicals, including alpha-cypermethrin, for pest control.",Steinernema carpocapsae; Steinernema feltiae,
"Acaricidal efficacy of bitter almond against two tick species, Argas persicus and Haemaphysalis darjeeling – an in vitro study",10.1080/01647954.2022.2108494,2022,cypermethrin,"The abstract explicitly states that extracts of bitter almond can be used as an excellent acaricidal alternative to alpha-cypermethrin, indicating a direct comparison in efficacy. Additionally, it mentions that the mortality rate among the tick species was higher with bitter almond extracts than with alpha-cypermethrin, suggesting a safety advantage.",bitter almond extracts,
"Contact Toxicity of Certain Conventional Insecticides to European Honeybee, Apis mellifera Linnaeus",10.20546/IJCMAS.2017.608.401,2017,cypermethrin,"The abstract indicates that neem oil was the least toxic insecticide tested, causing significantly lower mortality rates in honeybees compared to cypermethrin and other conventional insecticides. This suggests that neem oil is a safer alternative to cypermethrin in the context of honeybee safety.",neem oil,"high toxicity to honeybees, contact toxicity causing 95-100% mortality within hours, residual toxicity affecting honeybees up to 48 hours after application"
Toxic Effects of Five Insecticides on the Development and Enzymatic Activities of Trichogramma ostriniae,10.1111/jen.13357,2024,cypermethrin,"The abstract indicates that chlorantraniliprole has a low risk of toxicity to Trichogramma ostriniae compared to beta-cypermethrin, which is noted to have a high risk of toxicity. This suggests that chlorantraniliprole is a safer alternative to beta-cypermethrin.",chlorantraniliprole,"lethal toxicity to Trichogramma ostriniae, developmental toxicity to Trichogramma ostriniae, reproductive toxicity to Trichogramma ostriniae, alteration of detoxification enzyme activities (CYP450, GST, CarE), alteration of protective enzyme activities (SOD, CAT, POD), decrease in reactive oxygen species (ROS) content, decrease in ATP content"
The lethality of anti-sea lice formulations Salmosan® (Azamethiphos) and Excis® (Cypermethrin) to stage IV and adult lobsters (Homarus americanus) during repeated short-term exposures,10.1016/S0044-8486(99)00251-3,2000,cypermethrin,"The abstract compares the lethality of azamethiphos (Salmosan®) and cypermethrin (Excis®) to lobsters, indicating that adult lobsters were affected over a wider range of concentrations and exposure times by cypermethrin than by azamethiphos. This suggests azamethiphos has a higher No Observed Effect Concentration (NOEC) and thus lower toxicity under the tested conditions, implying a safety advantage. Therefore, azamethiphos is presented as a safer alternative to cypermethrin.",azamethiphos,"mortality in adult lobsters at certain concentrations and exposure times, effects on stage IV lobsters at highest concentrations and longest exposure periods"
"Evaluation of protective effects of quercetin against cypermethrin‐induced lung toxicity in rats via oxidative stress, inflammation, apoptosis, autophagy, and endoplasmic reticulum stress pathway",10.1002/tox.23624,2022,cypermethrin,"The abstract indicates that quercetin (QUE) provides protective effects against lung toxicity induced by cypermethrin (CYP), suggesting that QUE may serve as a safer alternative due to its protective properties against the harmful effects of CYP. However, it does not explicitly state that QUE is safer than CYP in terms of toxicity or environmental impact, but it implies a protective role against the adverse effects of CYP.",,"lung toxicity, oxidative stress, apoptosis in lung tissue, endoplasmic reticulum (ER) stress, activation of inflammatory signaling pathways (IL-6/JAK2/STAT3/MAPK14), increased levels of inflammatory markers (IL-1β, NF-κB, TNF-α, iNOS), autophagy in lung tissue"
Potential impact of host pest fed on Bt-modified corn on the development of Chrysoperla carnea (Stephens) (Neuroptera: Chrysopidae),10.1186/S41938-017-0018-8,2018,cypermethrin,"The abstract compares the effects of Bt toxins (Cry2Ab/1Ac) and cypermethrin on Chrysoperla carnea, showing that cypermethrin severely affected C. carnea eggs while Bt toxins had less impact. This indicates a safety advantage of Bt toxins over cypermethrin, suggesting Bt toxins as a safer alternative.",Bt toxins (Cry2Ab/1Ac),severe effect on hatchability of Chrysoperla carnea eggs
Proposta para teste carrapaticida por imersão de larvas de Rhipicephalus (Boophilus) microplus: avaliação em cipermetrina e amitraz,10.1590/S1984-29612008000400014,2008,cypermethrin,"The abstract compares the toxicity of cypermethrin and amitraz, showing that amitraz has a higher LD50 value (17.22 ppm) compared to cypermethrin (2.99 ppm). This indicates that amitraz is less toxic than cypermethrin, suggesting it could be a safer alternative.",amitraz,
"Varietal Preference And Efficacy Of Various Chemicals Against Red Pumpkin Beetle (

 AULACOPHORA FOVEICOLLIS L.) (COLEOPTERA: CHRYSOMELIDAE) In Different Cucumber (

 CUCUMIS SATIVUS) Cultivars",10.14293/s2199-1006.1.sor-.pphtblv.v1,2022,cypermethrin,The abstract explicitly states that Carbaryl is significantly better compared to Malathion and Cypermethrin because it reduces the population of red pumpkin beetle. This indicates that Carbaryl is presented as a safer alternative to Cypermethrin in terms of efficacy against the pest.,Carbaryl,
Comparative Efficacy of Pyrethroid and Neonicotinoid Insecticides to Manage Litchi Fruit Borer,10.55706/jae1505,2022,cypermethrin,"The abstract compares cypermethrin with other insecticides and identifies voliam flexi 300 SC (chlorantraniliprole+thiamethoxam) as the most effective treatment. It also states that voliam flexi may reduce health risks to humans and save desirable environmental components, implying safety advantages over cypermethrin. Therefore, voliam flexi is presented as a safer alternative to cypermethrin.",voliam flexi 300 SC (chlorantraniliprole + thiamethoxam),
Environmental impacts of equine parasiticide treatment: The UK perspective,10.1111/eve.13944,2024,cypermethrin,"The abstract indicates that permethrin degrades at a faster rate than cypermethrin, suggesting it may have a lower ecotoxic effect, which can be interpreted as a safety advantage. This implies that permethrin could be considered a safer alternative to cypermethrin in terms of environmental impact.",permethrin,"significant negative ecological effects, risk of contamination of the immediate environment and water courses, persistence in the environment (longer half-life compared to permethrin), ecotoxic effects"
Establishing discriminating concentrations of indigenous plant-based insecticides against adult Aedes aegypti (L.) and Aedes albopictus Skuse (Diptera: Culicidae).,10.52707/1081-1710-50.1-82,2025,cypermethrin,"The abstract indicates that essential oils from Litsea cubeba, Syzygium aromaticum, and Cinnamomum porrectum showed superior efficacy against Aedes aegypti compared to cypermethrin, suggesting they may serve as safer alternatives. The mention of effectiveness in the context of insecticide resistance further supports their potential as a safer option.",essential oils from Litsea cubeba; essential oils from Syzygium aromaticum; essential oils from Cinnamomum porrectum,
Effects of Permethrin and Chlorfenapyr Susceptibility Patterns in the Anopheles gambiae Complex: Molecular Mechanisms and Implications for Malaria Vector Control with IG2 Bed Net,10.22207/jpam.19.4.14,2025,cypermethrin,"The abstract explicitly mentions chlorfenapyr as an alternative insecticide to permethrin, indicating that it has a different mechanism of action and is being applied frequently in response to resistance issues. This suggests that chlorfenapyr is considered a safer alternative in the context of managing resistance in malaria vectors, as it is being used to enhance control where permethrin is failing.",chlorfenapyr,
In vitro activity of fluralaner and commonly used acaricides against Dermanyssus gallinae isolates from Europe and Brazil,10.1186/s13071-018-2956-8,2018,cypermethrin,"The abstract indicates that fluralaner is a promising option for controlling Dermanyssus gallinae infestations and highlights its efficacy against isolates that are largely resistant to other acaricides, including cypermethrin. It also mentions that all isolates were highly susceptible to fluralaner, suggesting it is a safer alternative due to its effectiveness at much lower concentrations compared to cypermethrin.",fluralaner,
"Agro-environmental Sustainability of Conventional and Organic Vegetable Production Systems in Tayabas, Quezon, Philippines",10.47125/jesam/2016_1/07,2016,cypermethrin,"The abstract indicates that organic farming, which does not use synthetic pesticides, has zero human toxicity potential, while cypermethrin is noted for having the highest total human toxicity in both soil and air. This comparison clearly suggests that organic farming is a safer alternative to cypermethrin due to its lack of synthetic pesticide use and associated toxicity.",,human toxicity
Botanical insecticides for controlling agricultural pests: piperamides and the Colorado Potato Beetle Leptinotarsa decemlineata say (Coleoptera: Chrysomelidae).,10.1002/ARCH.10118,2003,cypermethrin,"The abstract indicates that the extracts from Piper nigrum and Piper tuberculatum have a significantly lower tolerance ratio (less than 2-fold) compared to cypermethrin (22-fold), suggesting that these extracts are less toxic to insecticide-resistant larvae. This implies that the Piper extracts could be a safer alternative to cypermethrin in terms of toxicity to pests.",Piper nigrum extract; Piper tuberculatum extract,
"PREDICTION OF THE INTERACTION MECHANISMS OF QUERCETIN, Α-CYPERMETHRIN AND ITS DERIVATIVES WITH THE Α-ESTROGEN RECEPTOR (IN SILICO STUDY)",10.18524/2077-1746.2024.1(54).309040,2024,cypermethrin,"The abstract suggests that quercetin can be used to prevent complications of α-cypermethrin intoxication, indicating a potential safety advantage. It highlights quercetin's favorable pharmacokinetic and toxicity profile, which implies it may be a safer alternative to α-cypermethrin in the context of preventing endocrine disruption.",quercetin,endocrine disruption (disruption of the endocrine function of the gonads)
The Pharmacological Role of Ashwagandha in Cypermethrin-Induced Spleen Toxicity in mice,10.52711/0974-360x.2023.00537,2023,cypermethrin,"The abstract indicates that ashwagandha has a protective effect against cypermethrin-induced toxicity, suggesting it may serve as a safer alternative. It highlights the prevention of toxicity in hematological and biochemical parameters when ashwagandha is co-treated with cypermethrin, implying a safety advantage over cypermethrin alone.",ashwagandha,"spleen toxicity, decrease in hematological parameters (hemoglobin percentage, RBC, WBC, MCH), increase in lipid peroxidation, increase in H2O2, increase in nitric oxide, increase in catalase, decrease in Glutathione-S-transferase, decrease in Glutathione reductase, decrease in Superoxide dismutase"
LABORATORY EVALUATION OF SOME INSECTICIDES AGAINST SUBTERRANEAN TERMITES IN SOIL LAYERS AND ITS RELATION TO THE WATER TABLE.,10.21608/jppp.2007.219492,2007,cypermethrin,"The abstract compares chlorpyrifos, fipronil, and cypermethrin in terms of toxicity and safety to the water table. It states that chlorpyrifos was safer for the water table than cypermethrin, indicating a safety advantage. Therefore, chlorpyrifos can be interpreted as a safer alternative to cypermethrin based on water table safety.",chlorpyrifos,"high toxicity in sub-surface soil layers, toxicity varies with soil particle size, potential risk to groundwater safety"
Elevating Sustainable Agriculture: Eco-Friendly Seed Treatments for Enhanced Plant Growth and Yield in Mungbean,10.9734/ijecc/2023/v13i103046,2023,cypermethrin,"The abstract compares several seed treatments including cypermethrin and neem oil, highlighting neem oil's superior performance and eco-friendly pest control properties. It explicitly advocates transitioning from chemical to natural seed treatments due to advantages for agriculture, environment, and human health, implying neem oil is a safer alternative to cypermethrin.",neem oil,
Panax ginseng ameliorates hepatorenal oxidative alterations induced by commercially used cypermethrin in male rats: experimental and molecular docking approaches,10.1007/s11356-023-29935-2,2023,cypermethrin,"The abstract indicates that Panax ginseng root extract (ginseng) is used to reduce the hepatorenal damage caused by cypermethrin (CYP), suggesting that ginseng has protective effects against the harmful impacts of CYP. While it does not explicitly state that ginseng is a safer alternative, it implies that ginseng can mitigate the adverse effects associated with CYP, which can be interpreted as a safety advantage.",,"hepatorenal damage, decline in body weight, increase in liver enzymes, increase in functional renal markers, increase in cholesterol, decreased acetylcholinesterase (AChE) activity, increased pro-inflammatory cytokines (IL-1 β, IL-6, TNF-α), oxidative damage indicated by increased malondialdehyde and decreased glutathione, T-SOD, and CAT activities, impairments in liver and kidney histoarchitecture, altered immunohistochemical staining of Bcl-2 and caspase-3 proteins"
Role of Propolis on Oxidative Stress in Fish Brain,,2013,cypermethrin,"The abstract indicates that propolis can reverse the negative effects caused by cypermethrin treatment, suggesting that it may serve as a safer alternative due to its antioxidant properties. However, it does not explicitly state that propolis is safer than cypermethrin in terms of toxicity or environmental impact, but it implies a protective role against the harmful effects of cypermethrin.",,"neurotoxicity, brain and nerve damage, free radical-mediated tissue damage in brain, oxidative stress"
"Impact of two synthetic pyrethroids and methomyl on management of the cabbage aphid, brevicoryne brassicae (L.) and its associated parasitoid, diaeretiella rapae (M'Intosh)",10.1002/PS.2780250106,1989,cypermethrin,"The abstract compares cypermethrin with fenvalerate and methomyl, indicating that fenvalerate has less impact on the emergence and longevity of the parasitoid Diaeretiella rapae and reduces progeny less than cypermethrin. This suggests fenvalerate has safety advantages relative to cypermethrin, implying it is a safer alternative.",fenvalerate,"toxicity to cabbage aphid adults, reduction in emergence of parasitoid adult Diaeretiella rapae, reduced longevity of parasitoid adults, reduction in F1-progeny of adult parasitoid females"
Residual efficacy of cypermethrin and pirimiphos-methyl against Sitotroga cerealella (Olivier) in wheat grain,10.2298/PIF1704217P,2017,cypermethrin,"The abstract indicates that pirimiphos-methyl was more effective against S. cerealella adults and had a longer residual activity than cypermethrin. This suggests that pirimiphos-methyl may be a safer alternative due to its higher efficacy and longer-lasting effects, which can imply lower overall environmental impact and reduced need for repeated applications.",pirimiphos-methyl,
"Evaluation of attract-and-kill strategy for management of cocoa pod borer, Conopomorpha cramerella, in Malaysia cocoa plantation",10.1080/09670874.2019.1578003,2020,cypermethrin,"The abstract indicates that the attract-and-kill strategy, which uses CPB sex-pheromone as an attractant, is 'far superior to and more feasible than' the conventional synthetic pesticide treatment, which includes cypermethrin. This suggests that the attract-and-kill strategy is a safer alternative to cypermethrin in the context of managing cocoa pod borer infestations.",,
Resistance Status of Dengue Virus Serotype in Aedes Aegypti on The Exposure of Insecticide Temefos and Cypermethrin,10.30604/JIKA.V5I2.374,2020,cypermethrin,"The abstract indicates that Aedes aegypti is susceptible to temefos, with a 100% larval mortality rate, while all areas are resistant to cypermethrin. This suggests that temefos is a safer alternative to cypermethrin in terms of effectiveness against resistant mosquito populations.",temefos,
Determination of insecticide resistance in cotton whitefly in north India,10.56093/ijas.v94i4.143044,2024,cypermethrin,"The abstract indicates that cyantraniliprole is highly effective against the populations of B. tabaci and suggests its potential as an alternative for managing insecticide resistance, which implies it may be a safer option compared to cypermethrin. The mention of no cross-resistance with other insecticides further supports its potential safety advantage.",,
"Dietary Origanum vulgare essential oil attenuates cypermethrin-induced biochemical changes, oxidative stress, histopathological alterations, apoptosis, and reduces DNA damage in Common carp (Cyprinus carpio).",10.1016/j.aquatox.2020.105624,2020,cypermethrin,"The abstract indicates that dietary Origanum vulgare essential oil (OVEO) mitigates the harmful effects induced by cypermethrin (CP) in common carp, suggesting that OVEO serves as a protective treatment against the toxicity of CP. This implies that OVEO may be a safer alternative to cypermethrin, as it reduces biochemical changes, oxidative stress, and DNA damage associated with CP exposure.",Origanum vulgare essential oil,"hepato-renal toxicity, oxidative stress, histopathologic alterations in gills, anterior kidneys, and hepatic tissues, activation of apoptosis (Caspase-3), cell proliferation changes (PCNA), DNA damage in gills and liver tissues"
Binary Mixtures of Essential Oils: Potent Housefly Adulticides That Are Safe Against Non-Target Species,10.3390/insects16080855,2025,cypermethrin,"The abstract compares a mixture of geranial and Eucalyptus globulus essential oils to α-cypermethrin, stating that the EO mixture is effective against houseflies and harmless to non-target species, whereas α-cypermethrin is highly toxic and causes significant harm. This indicates a clear safety advantage of the EO mixture over cypermethrin, presenting it as a safer alternative.",geranial; Eucalyptus globulus essential oils,"high toxicity, significant harm to non-target organisms"
Compatibility of synthetic and biological pesticides with a biocontrol agent Phytoseiulus longipes (Acari: Phytoseiidae),10.1007/s10493-024-00926-3,2024,cypermethrin,"The abstract compares the toxicity and persistence of cypermethrin with several other pesticides and biocontrol agents on the predatory mite P. longipes. It states that cypermethrin is highly harmful with long persistence, whereas azadirachtin and Hirsutella thompsonii were only slightly harmful and had lower persistence, indicating better safety profiles. This suggests azadirachtin and H. thompsonii as safer alternatives to cypermethrin.",azadirachtin; Hirsutella thompsonii,"highly harmful to eggs and adults of Phytoseiulus longipes, high persistence (harmful effects remain high even after 31 days of application)"
Eco-friendly biosynthesis of TiO2 nanoparticles using Desmostachya bipinnata extract: Larvicidal and pupicidal potential against Aedes aegypti and Spodoptera litura and acute toxicity in non-target organisms.,10.2139/ssrn.4197033,2022,cypermethrin,"The abstract indicates that the mortality rate of non-target organisms (Toxorhynchites splendens and Eisenia fetida) was lower when exposed to TiO2NPs compared to the high lethality induced by synthetic pesticides, including cypermethrin. This suggests that TiO2NPs may be a safer alternative due to their reduced impact on non-target organisms.",titanium dioxide nanoparticles (TiO2NPs),"high lethality to non-target organisms (Toxorhynchites splendens and Eisenia fetida), toxicity to Eisenia fetida, toxicity to Toxorhynchites splendens"
"BIOSAFETY OF A BIOPESTICIDE AND SOME PESTICIDES USED ON COTTON CROP AGAINST GREEN LACEWING, CHRYSOPERLA CARNEA (STEHENS) (NEUROPTERA:CHRYSOPIDAE)",10.57182/jbiopestic.4.2.214-218,2011,cypermethrin,"The abstract compares the toxicity of several pesticides including cypermethrin, spinosad, and buprofezin on green lacewing larvae and adults. It classifies cypermethrin as moderately harmful, while spinosad and buprofezin are classified as slightly harmful or harmless, indicating lower toxicity. It explicitly states that buprofezin and spinosad are more suitable for integrated pest management and can be used during peak C. carnea population, implying they are safer alternatives to cypermethrin.",spinosad; buprofezin,"toxicity to second instar larvae of Chrysoperla carnea, toxicity to adult Chrysoperla carnea, classified as moderately harmful pesticide"
Lepidoptera,10.2307/j.ctvnb7qwf.31,2019,cypermethrin,"The abstract compares the effects of cypermethrin (Cyptrin), Methomyl (Lannate®), and Lambda/Clorantraniprole (Ampligo®) on egg viability. It states that cypermethrin and Methomyl were moderately harmful (class 3), while Ampligo® was slightly harmful (class 2), indicating lower harm. This suggests Ampligo® has a safety advantage over cypermethrin regarding egg viability, implying it is a safer alternative.",Lambda-cyhalothrin/Clorantraniliprole (Ampligo®),moderately harmful to eggs viability
Impact of Weather Variables on Radish Insect Pests in the Eastern Himalayas and Organic Management Strategies,10.3390/su16072946,2024,cypermethrin,"The abstract explicitly states that organic management strategies such as neem oil, Beauveria bassiana, and Metarhizium robertsii resulted in significantly lower reductions of natural predators compared to cypermethrin, indicating a safety advantage. This suggests that these alternatives are safer than cypermethrin in terms of their impact on non-target species.",neem oil; Beauveria bassiana; Metarhizium robertsii,reduction in natural predators (coccinellids) by 74% compared to organic biopesticides
"Toxicity of some insecticides against seven day old larvae of Bihar hairy caterpillar, Spilarctia obliqua Walker",10.31018/JANS.V7I2.714,2015,cypermethrin,"The abstract indicates that Chlorpyriphos has far less stomach toxicity compared to Cypermethrin, suggesting it is a safer alternative. The relative toxicity (RT) values demonstrate that Chlorpyriphos is significantly less toxic than Cypermethrin, which supports the conclusion of it being a safer option.",chlorpyriphos,stomach toxicity to 7-day old larvae of Spilarctia obliqua
"Topical Toxicity of Imidacloprid, Fipronil, and Seven Conventional Insecticides to the Adult Convergent Lady Beetle (Coleoptera: Coccinellidae)",10.18474/0749-8004-31.3.315,1996,cypermethrin,"The abstract compares the toxicity of cypermethrin with several other insecticides and states that cypermethrin and bendiocarb were the most toxic, while fipronil was the least toxic. This indicates that fipronil has lower toxicity than cypermethrin, which can be reasonably interpreted as a safety advantage. Therefore, fipronil is presented as a safer alternative to cypermethrin.",fipronil,"toxicity to convergent lady beetle (Hippodamia convergens), high acute toxicity (low LD50 values), fast-acting insecticide (low LT50 values)"
Assessment of unintentional acute pesticide poisoning among smallholder vegetable farmers in Trinidad and Jamaica,10.3389/fpubh.2024.1470276,2024,cypermethrin,"The abstract indicates an urgent need for improved regulation and safer alternatives to highly hazardous pesticides (HHPs), which includes cypermethrin. It suggests that alternatives to HHPs are being identified, implying that these alternatives may be safer, although specific alternatives are not named in the abstract.",,"occupational pesticide poisoning, acute pesticide poisoning symptoms, adverse effects on human health"
"Comparative efficacy of classical and biorational insecticides on sugar beet weevil, Bothynoderes punctiventris Germar (Coleoptera: Curculionidae)",10.17221/86/2015-PPS,2016,cypermethrin,"The abstract compares spinosad with cypermethrin-containing insecticides and highlights spinosad's favourable eco-toxicological properties, suggesting safety advantages. It explicitly presents spinosad as a good candidate for integrated pest management, implying it is a safer alternative to cypermethrin.",spinosad,
Can the botanical azadirachtin replace phased-out soil insecticides in suppressing the soil insect pest Diabrotica virgifera virgifera?,10.1186/s43170-021-00044-9,2021,cypermethrin,"The abstract compares azadirachtin to cypermethrin-based granules and states that azadirachtin achieved better pest control and root damage prevention at higher doses. It also describes azadirachtin as 'less problematic' and a 'promising, safer solution' if doses are increased and more soil insecticides are phased out, implying safety advantages over cypermethrin.",azadirachtin,
"The Efficacy of some Insecticides and Essential Oil-Based Products against The Bed Bug, Cimex lectularius",10.21608/jppp.2019.79454,2019,cypermethrin,"The abstract compares essential oils to cypermethrin and suggests that natural essential oils could be an effective, somewhat easier, safe, and less expensive method for controlling bed bugs. This implies a safety advantage of essential oils over cypermethrin, presenting them as a safer alternative.",essential oils,
A comparison of the effect of new and established insecticides on nontarget invertebrates of winter wheat fields,10.1002/etc.5620201017,2001,cypermethrin,"The abstract indicates that pirimicarb was the least toxic insecticide for most nontarget invertebrate groups compared to the other compounds tested, including pyrethroids. This suggests that pirimicarb may be a safer alternative to cypermethrin, which is a type of pyrethroid mentioned in the abstract.",pirimicarb,"toxicity to beneficial nontarget invertebrate groups, reduction in numbers of many nontarget invertebrate groups"
EFFECT OF RESIDUAL TOXICITY OF SELECTED INSECTICIDES TO THE MALAYSIAN STINGLESS BEE HETEROTRIGONA ITAMA,10.24191/ba/v3i1/34430,2019,cypermethrin,"The abstract compares the toxicity of four insecticides including cypermethrin and states that deltamethrin has higher LC50 and LC95 values, indicating it is less toxic to Heterotrigona itama than cypermethrin. This suggests a safety advantage of deltamethrin over cypermethrin for this bee species, implying deltamethrin could be a safer alternative.",deltamethrin,"toxicity to stingless bee forager workers, indirect toxicity effect causing mortality in Heterotrigona itama"
"Assessing the resistance status of Aedes aegypti (Diptera: Culicidae) mosquitoes to conventional insecticides in Jeddah, Saudi Arabia",10.1111/1748-5967.12761,2024,cypermethrin,"The abstract mentions that Bacillus thuringiensis ssp. israelensis (Bti) demonstrated high activity against Aedes aegypti larvae, suggesting it as a potential alternative to conventional pesticides like cypermethrin. While it does not explicitly state that Bti is safer, the context implies a need for alternatives due to resistance issues with current pesticides, which can be interpreted as a safer option in the context of resistance management.",,
Insecticide compatibility with abundance and diversity of predatory fauna in wheat (Triticum aestivum) ecosystem,10.1007/s42690-023-01088-2,2022,cypermethrin,"The abstract compares the effects of several insecticides on predatory fauna in wheat, noting that seed treatment with thiamethoxam and soil application of carbofuran maintained higher populations of natural enemies compared to cypermethrin, which showed the least population. It explicitly states the biocompatibility of thiamethoxam and carbofuran and the detrimental effects of cypermethrin, indicating these as safer alternatives in terms of preserving natural enemy populations.",thiamethoxam; carbofuran,detrimental effects on population dynamics of natural enemies
Will a lack of fabric durability be their downfall? Impact of textile durability on the efficacy of three types of dual-active-ingredient long-lasting insecticidal nets: a secondary analysis on malaria prevalence and incidence from a cluster-randomized trial in north-west Tanzania,10.1186/s12936-024-05020-y,2024,cypermethrin,"The abstract indicates that chlorfenapyr-PY LLIN and PBO-PY LLIN provide superior protection compared to pyrethroid-only nets, particularly in the context of torn nets. This suggests that these alternatives may be safer than cypermethrin, as they maintain effectiveness even when damaged, which is a significant safety advantage.",,
Resistance Mechanisms of Sitobion miscanthi (Hemiptera: Aphididae) to Malathion Revealed by Synergist Assay,10.3390/insects13111043,2022,cypermethrin,"The abstract indicates that imidacloprid could be used as an alternative for malathion in managing wheat aphid resistance. While it does not explicitly compare imidacloprid to cypermethrin, it suggests a safer alternative in the context of resistance management, as it shows no cross-resistance to the resistant strain. Therefore, it can be interpreted as a safer alternative to cypermethrin in this context.",imidacloprid,
"Evaluation of Two Synthetic Insecticides in Controlling Bradysia occelaris, an Insect Pest on Oyster Mushroom",10.30595/agritech.v25i1.17201,2023,cypermethrin,"The abstract indicates that cyromazine was very effective in killing larvae of B. ocellaris and suggests its use for controlling sciarid flies in mushroom houses. While it does not explicitly state that cyromazine is safer than cypermethrin, the context implies it is a preferable alternative for pest control in this scenario, which can be interpreted as a safer option in comparison to cypermethrin.",,
"Acetamiprid, chlorantraniliprole, and in some situations the physical barriers MultiPro® or Kvaae® wax, can be alternatives to traditional synthetic pyrethroid insecticides for the protection of young conifers from damage by the large pine weevil Hylobius abietis L.",10.1080/02827581.2021.1906313,2021,cypermethrin,"The abstract explicitly states that acetamiprid is less toxic than synthetic pyrethroids, including cypermethrin, indicating it is a safer alternative. Additionally, chlorantraniliprole is described as a relatively low toxicity insecticide that can effectively protect trees, further supporting the claim of safer alternatives to cypermethrin.",acetamiprid; chlorantraniliprole,toxicity
"Toxicological and ecotoxicological pressure assessment on the use of synthetic pesticides in Sancti Spíritus, Cuba",10.21930/RCTA.VOL22_NUM2_ART:1520,2021,cypermethrin,"The abstract explicitly mentions substituting cypermethrin with less toxic alternatives such as tebuconazole, triadimenol, and bispyribac-sodium, indicating a safer alternative to cypermethrin. This substitution is framed as a means to reduce synthetic pesticide pressure on humans and the environment, which aligns with the criteria for a safer alternative.",tebuconazole; triadimenol; bispyribac-sodium,
"Application strategy for the chemical control of pea (Pisum sativum L.) crops against Thrips tabaci Lindeman, 1889 (Thysanoptera)",10.1515/pjen-2015-0015,2015,cypermethrin,"The abstract discusses the use of acetamiprid (Mospilan 20 SP) as a replacement for the conventional spray regime that includes cypermethrin. While it does not explicitly state that acetamiprid is safer than cypermethrin, the implication of replacing a conventional insecticide with a neonicotinoid suggests a potential for improved safety in application strategy, particularly with fewer treatments required.",,
"Efficacy testing of ‘soft’ pesticides for cabbage butterfly (Pieris brassicae nepalensis Doubleday) in cauliflower at Rampur, Chitwan",10.3126/jafu.v4i1.47068,2020,cypermethrin,"The abstract compares several pesticides including Cypermethrin and Spinosad, noting that Spinosad is a biological pesticide and is superior in controlling pests. It also states that these pesticides along with other soft pesticides are potentially safer for vegetable production, implying a safety advantage of Spinosad over Cypermethrin.",Spinosad,
"Effects of Tephrosia vogelii formulation with rabbit urine on insect pests and pollinators of sesame in Singida, Tanzania",10.58694/20.500.12479/1496,,cypermethrin,"The abstract compares a biopesticide formulation of Tephrosia vogelii with rabbit urine to a synthetic pesticide containing cypermethrin and chlorpyrifos. It reports that the biopesticide controls pests as effectively as the synthetic pesticide but results in higher numbers of pollinators and natural enemies, indicating better preservation of beneficial insects. This suggests a safety advantage in terms of ecological impact, supporting T. vogelii formulation with rabbit urine as a safer alternative to cypermethrin-containing pesticides.",Tephrosia vogelii formulation with rabbit urine,
"INDUCED EFFECTS OF CYPERMETHHRIN AND FENVALERATE ON ENZYME OF FRESHWATER FISH, CHANNA ORIENTALIS (Sch.)",10.29369/ijrbat.2023.02.1.0017,2023,cypermethrin,"The abstract compares the toxicity of cypermethrin and fenvalerate on freshwater fish and states that cypermethrin was found to be more toxic than fenvalerate. This indicates fenvalerate has a safety advantage over cypermethrin, suggesting it as a safer alternative.",fenvalerate,toxic effect on freshwater fish (Channa orientalis) affecting enzyme activity
Novel Mosquito Net Nearly Halves Malaria Infection in Community Trials in Tanzania,10.1564/v33_jun_02,2022,cypermethrin,"The abstract discusses a novel bed net treated with chlorfenapyr and alpha-cypermethrin, which shows significant reductions in malaria infection compared to a standard pyrethroid-only net. While it does not explicitly state that chlorfenapyr is safer than cypermethrin, the context implies that the new treatment is more effective and potentially safer due to its different mechanism of action, which does not rely on the nervous system. Therefore, it can be interpreted as a safer alternative in the context of malaria prevention.",,
Thymoquinone Ingestions Reversed Inflammation Driven Glia activation and Impaired Cognitive associated behavior in Cypermethrin Exposed Rats,10.32739/uha.jnbs.11.1539105,2024,cypermethrin,"The abstract indicates that thymoquinone (THQ) has anti-inflammatory and anti-apoptotic effects against neurotoxicity induced by cypermethrin, suggesting it may serve as a safer alternative. It highlights improvements in cognitive function and reductions in pro-inflammatory markers compared to cypermethrin treatment, which implies a safety advantage.",thymoquinone,"neurotoxicity, increased pro-inflammatory cytokine TNF-α, increased expression of astrocytes and microglia, increased pro-apoptotic protein Bax, reduced anti-inflammatory cytokine IL-10, reduced acetylcholinesterase (AChE) activity, cytoarchitectural disruption of dentate gyrus, cognitive deficits"
Can Wolf Spider Mothers Detect Insecticides in the Environment? Does the Silk of the Egg‐Sac Protect Juveniles from Insecticides?,10.1002/etc.5157,2021,cypermethrin,"The abstract compares the effects of cypermethrin with imidacloprid and chlorpyrifos, indicating that cypermethrin and chlorpyrifos caused more oxidative stress in juveniles than imidacloprid. This suggests that imidacloprid may be a safer alternative to cypermethrin due to its lower impact on oxidative stress in the studied context.",imidacloprid,"neurotoxicity, repellency to spider mothers, oxidative stress in juveniles"
Parasiticidal Properties of Nanoemulsion-Based Plant Essential Oil Formulations for Controlling Poultry Ectoparasites in Farm Conditions,10.3390/insects15110829,2024,cypermethrin,"The abstract explicitly states that nanoemulsion-based plant essential oil formulations (NEOFs) left no detectable residues, which indicates a safety advantage over cypermethrin. This suggests that NEOFs are a safer alternative to cypermethrin in the context of controlling poultry ectoparasites.",nanoemulsion-based plant essential oil formulations,
"GLASSHOUSE EVALUATION ON THE EFFICACY OF BACILLUS THURINGIENSIS (BT) AGAINST BAGWORM, METISA PLANA AND NON-TARGET EFFECT ON OIL PLAM POLLINATOR, ELAEIDOBIUS KAMERUNICUS (FAUST)",10.56333/tp.2021.018,2021,cypermethrin,"The abstract compares Bacillus thuringiensis (Bt) bioinsecticides with cypermethrin, noting that Bt products are less toxic to non-target pollinator weevils, whereas cypermethrin is toxic to both target and non-target insects. This indicates a safety advantage of Bt over cypermethrin as a bioinsecticide alternative with lower non-target toxicity.",Bacillus thuringiensis (Bt),"toxicity to adults of pollinator weevil Elaeidobius kamerunicus, toxicity to emergence of pollinator weevil Elaeidobius kamerunicus"
EVALUATION OF SOME NON-TRADITIONAL PESTICIDES AGAINST THE TWO POD BORERS Helicoverpa armigera AND Etiella zinckenella POPULATION INFESTING COWPEA IN THE NEWLY RECLAIMED REGIONS,10.21608/jppp.2007.219522,2007,cypermethrin,"The abstract compares non-traditional compounds such as thiamethoxam and indoxacarb to cypermethrin, noting that while cypermethrin was among the most effective pesticides, the new compounds have low mammalian toxicity and moderate persistence, making them promising agents. This indicates a safety advantage over cypermethrin, suggesting these compounds as safer alternatives.",thiamethoxam; indoxacarb,
Are there viable chemical and non-chemical alternatives to the use of conventional insecticides for the protection of young trees from damage by the large pine weevil Hylobius abietis L. in UK forestry?,10.1093/forestry/cpaa013,2020,cypermethrin,"The abstract explicitly states that acetamiprid is less toxic to aquatic life than cypermethrin and alpha-cypermethrin, indicating a safety advantage. This suggests that acetamiprid is a safer alternative to cypermethrin. Additionally, chlorantraniliprole is mentioned as having relatively low toxicity, which also implies a safer option.",acetamiprid; chlorantraniliprole,toxicity to aquatic life
Polymer Chemical Identity as a Key Factor in Microplastic–Insecticide Antagonistic Effects during Embryogenesis of Sea Urchin Arbacia lixula,10.3390/ijms24044136,2023,cypermethrin,"The abstract indicates that the combination of PMMA microparticles and cypermethrin resulted in significantly reduced toxicity compared to cypermethrin alone. This suggests that PMMA may serve as a safer alternative in the context of its interaction with cypermethrin, as it appears to mitigate some of the harmful effects associated with cypermethrin exposure.",PMMA (polymethyl methacrylate),"embryotoxicity (skeletal abnormalities, arrested development, death of larvae), modest reduction in offspring quality (transmissible damage to zygotes)"
"Comparative effects of a selective insecticide, Bacillus thuringiensis var. kurstaki and the broad-spectrum insecticide cypermethrin on diamondback moth and its parasitoid Cotesia vestalis (Hymenoptera; Braconidae)",10.1016/J.CROPRO.2017.07.015,2017,cypermethrin,"The abstract indicates that Biobit (Bacillus thuringiensis var. kurstaki) has a minimal impact on the parasitoid Cotesia vestalis compared to cypermethrin, suggesting it is a safer alternative. It highlights that Biobit reduces pest density and crop damage while preserving the beneficial parasitoid's function, which implies lower toxicity and environmental risk compared to cypermethrin.",Bacillus thuringiensis var. kurstaki,"reduction in parasitism by Cotesia vestalis, negative impact on beneficial parasitoid populations"
"The effect of N‐acetylcysteine supplementation on the oxidative stress levels, apoptosis, DNA damage, and hematopoietic effect in pesticide‐exposed fish blood",10.1002/jbt.22311,2019,cypermethrin,"The abstract indicates that N-acetylcysteine (NAC) has a positive therapeutic effect on fish exposed to cypermethrin, particularly in terms of ameliorating hematological and biochemical parameters affected by cypermethrin toxicity. This suggests that NAC may serve as a safer alternative due to its protective effects against the harmful impacts of cypermethrin.",N-acetylcysteine (NAC),"hematoxicity, oxidative DNA damage, apoptosis, altered hematological parameters, altered biochemical parameters, altered enzyme activities"
Efficacy of Insecticides Against Mustard Aphid Brevicoryne brassicae and their Safety to Coccinellid Predators,10.55446/ije.2021.67,2021,cypermethrin,"The abstract compares several insecticides including cypermethrin and finds that imidacloprid is both effective against mustard aphid and safe to coccinellid predators, whereas profenophos + cypermethrin is the most toxic. This indicates imidacloprid has safety advantages over cypermethrin and can be used as a safer alternative.",imidacloprid,toxicity to coccinellid predators
In-vitro and in-silico analysis of methanolic crude extracts of Mountain knotgrass Aerva lanta (L.) against two lepidopteran pests and non-target species,10.1080/15569543.2023.2294280,2023,cypermethrin,"The abstract explicitly states that the non-target toxicity of Mx-Al is lower than that of cypermethrin, indicating that Mx-Al is safer for non-target organisms. This comparison suggests that Mx-Al could be considered a safer alternative to cypermethrin in terms of its impact on non-target species.",Mx-Al,toxicity to earthworms at 0.1 ppm
In vitro comparative toxicity of chemical insecticides and botanicals against ladybird beetle (Micraspis discolor F.) in Nepal,10.26832/24566632.2025.1001018,2025,cypermethrin,"The abstract compares the toxicity of several substances including a mixture containing cypermethrin and finds that garlic extract caused lower mortality to the beneficial insect Micraspis discolor than the cypermethrin-containing treatment. It explicitly states that botanical extracts like garlic extract have potential as safer alternatives for pest management, highlighting safety advantages relative to cypermethrin.",garlic extract,"toxicity to beneficial insects (Micraspis discolor), high mortality caused by cypermethrin combined with chlorpyrifos (86% mortality after 72 hours)"
Cytogenetic effects of pesticides. III. Induction of micronuclei in mouse bone marrow by the insecticides cypermethrin and rotenone.,10.1016/0165-1218(85)90132-6,1985,cypermethrin,"The abstract compares cypermethrin and rotenone regarding their induction of micronuclei in mouse bone marrow. Cypermethrin showed mutagenic potential with a significant increase in micronuclei frequency, while rotenone treatments showed no effect on micronuclei frequency. This indicates rotenone has a safety advantage over cypermethrin in terms of mutagenicity, suggesting rotenone as a safer alternative.",rotenone,"mutagenic potential, toxicity to bone marrow"
The Comparison of Tolerance Capability of Nitrogen-Fixing Bacteria to Chemical and Biological Pesticides,10.59467/bi.2023.19.149,2023,cypermethrin,"The abstract compares the effects of alpha-cypermethrin and emamectin benzoate on nitrogen-fixing bacteria, indicating that emamectin benzoate has a significantly lower inhibition rate on bacterial growth compared to alpha-cypermethrin. This suggests that emamectin benzoate is a safer alternative to alpha-cypermethrin, as it demonstrates lower toxicity to beneficial soil bacteria.",emamectin benzoate,"toxicity to indigenous nitrogen-fixing bacteria at high concentrations, growth inhibition of soil-beneficial bacteria, potential negative impact on soil quality"
Effects of beta-cypermethrin and myclobutanil on some enzymes and changes of biomarkers between internal tissues and saliva in reptiles (Eremias argus).,10.1016/j.chemosphere.2018.10.099,2019,cypermethrin,"The abstract indicates that beta-cypermethrin (BCP) causes more severe oxidative damage compared to myclobutanil (MC), suggesting that myclobutanil may be a safer alternative to beta-cypermethrin. This is evidenced by the statement that BCP induces more severe effects on enzymatic activities and oxidative damage in reptiles than MC.",myclobutanil,"oxidative damage, changes in enzymatic activities (SOD, CAT, LDH, AChE), toxicity to reptiles"
Influence of testing modality on bioefficacy for the evaluation of Interceptor® G2 mosquito nets to combat malaria mosquitoes in Tanzania,10.1186/s13071-022-05207-9,2022,cypermethrin,"The abstract indicates that Interceptor® G2, which contains chlorfenapyr, outperforms Interceptor® (which contains alpha-cypermethrin) against pyrethroid-resistant strains of mosquitoes. This suggests that Interceptor® G2 may be a safer alternative due to its effectiveness in managing resistance, although it does not explicitly state lower toxicity or environmental risks compared to cypermethrin.",,
Cytotoxic Effect of Cypermethrin and Neem Extract on Human Lymphocytes,10.13005/bpj/2393,2022,cypermethrin,"The abstract compares cypermethrin and neem extract, stating that cypermethrin has several toxic effects on human lymphocytes, while neem extract increased lymphocyte viability and is described as a safe insecticide. This indicates neem extract is presented as a safer alternative to cypermethrin.",neem extract,"neurotoxicity, toxicity to human lymphocytes"
Experimental and molecular genetic analysis of the impact of pyrethroid and non-pyrethroid insecticide impregnated bednets for mosquito control in an area of pyrethroid resistance,10.1017/S0007485300000237,2000,cypermethrin,"The abstract compares alpha-cypermethrin with other insecticides and indicates that carbosulfan, a carbamate, caused high mosquito mortality and maintained residual activity better than alpha-cypermethrin. It also notes that carbosulfan did not select for the kdr resistance allele, unlike alpha-cypermethrin. The abstract explicitly suggests carbosulfan as a promising alternative to pyrethroids like cypermethrin, particularly in resistant areas, implying safety advantages such as lower resistance selection and effective control.",carbosulfan,
Integrated management of citrus leafminer in the nursery,10.5455/faa.209114,2024,cypermethrin,"The abstract indicates that Spinosad, when combined with sanitation, provided better control of citrus leafminer compared to cypermethrin and other treatments. While it does not explicitly state that Spinosad is safer than cypermethrin, the mention of reduced harm to beneficial predators suggests a safety advantage, which can be interpreted as a safer alternative in the context of pest management.",,
Toxicity of nine insecticides on four natural enemies of Spodoptera exigua,10.1038/srep39060,2016,cypermethrin,"The abstract indicates that chlorantraniliprole, emamectin benzoate, and spinosad have higher safety profiles compared to alpha-cypermethrin, as they show no toxicity to certain natural enemies and have a shorter risk duration. This suggests that these substances are safer alternatives to cypermethrin.",chlorantraniliprole; emamectin benzoate; spinosad,"toxicity to S. manilae and T. remus adults, long risk duration of toxicity on S. manilae and T. remus adults, dangerous toxicity of alpha-cypermethrin"
Toxicities of glyphosate- and cypermethrin-based pesticides are antagonic in the tenspotted livebearer fish (Cnesterodon decemmaculatus).,10.1016/j.chemosphere.2016.04.075,2016,cypermethrin,"The abstract indicates that the glyphosate formulation (Glifoglex®) significantly inhibits the toxicity of cypermethrin, suggesting that it may serve as a safer alternative due to its ability to override the toxicity of cypermethrin in mixtures. This implies a safety advantage over cypermethrin in the context of the study.",glyphosate,toxicity to fish (Cnesterodon decemmaculatus)
Characterisation of adult green lacewing (Chrysoperla carnea) digestive physiology: impact of a cysteine protease inhibitor and a synthetic pyrethroid.,10.1002/ps.1879,2010,cypermethrin,"The abstract compares the effects of cypermethrin and oryzacystatin-1 (OC-1) on the predator Chrysoperla carnea, showing that cypermethrin caused significant reproductive harm while OC-1 had no detrimental effects and only subtle physiological changes. It explicitly states that exposure to the insecticide (cypermethrin) carried a greater fitness cost than exposure to the protease inhibitor expressed in transgenic crops, indicating a safety advantage of OC-1 over cypermethrin.",oryzacystatin-1 (OC-1),"delay in onset of oviposition, significant reduction in egg production, significant reduction in egg viability, fitness cost to predator"
"EKSPLORASI DERAJAT RESISTENSI NYAMUK AEDES AEGYPTI TERHADAP INSEKTISIDA JENIS CYPERMETHRIN 0,05% PADA KASUS DEMAM BERDARAH DENGUE DI KABUPATEN KUDUS TAHUN 2017",10.31983/KESLINGMAS.V37I3.3898,2018,cypermethrin,"The abstract suggests replacing cypermethrin with a different type of insecticide that has a different target site, which implies a safer alternative without explicitly naming it. This indicates a potential for improved safety compared to cypermethrin, which is currently facing resistance issues.",,
"Selective toxicity of some pesticides to Pullus mediterraneus Fabr. (Coleoptera: Coccinellidae), a predator of Saissetia oleae Bern. (Homoptera: Coccoideae)",10.1046/j.1461-9563.2002.00133.x,2002,cypermethrin,"The abstract indicates that Bacillus thuringiensis (B. thuringiensis) resulted in low mortality of adult P. mediterraneus, suggesting it is a safer alternative to the more toxic chemical pesticides, including cypermethrin. The comparison of toxicity levels implies that B. thuringiensis is less harmful to the beneficial predator, making it a suitable candidate for pest management systems.",Bacillus thuringiensis,toxicity to Pullus mediterraneus (a beneficial predator insect)
"Effects of Azadirachtin, Cypermethrin, Methoxyfenozide and Pyridalil on Functional Response of Habrobracon Hebetor Say (HYM.: Braconidae)",10.2478/V10045-012-0058-8,2012,cypermethrin,"The abstract indicates that cypermethrin had the longest handling time and the highest adverse effect on host-finding in H. hebetor, while pyridalil showed the highest attack rate. This suggests that pyridalil may be a safer alternative to cypermethrin due to its lower adverse effects on the natural enemy's functional response.",pyridalil,adverse effect on host-finding in Habrobracon hebetor
"Postharvest Treatment of Chinese Kale (Brassica oleracea var. alboglabra) by Pulse Light to Removal of Microbial Load, Pesticide Residue and Integrity of Physicochemical Quality and Phytochemical Constituent",10.22207/jpam.15.4.47,2021,cypermethrin,"The abstract discusses the use of pulsed light (PL) as a non-thermal physical technology to remove pesticide residues, including cypermethrin, from Chinese kale. It indicates that this method effectively eliminates pesticide residues while preserving the quality of the vegetable, suggesting it is a safer alternative to traditional pesticide use, including cypermethrin.",,
FIELD EFFICACY OF PLANT EXTRACTS ON LARVAL POPULATIONS OF PLUTELLA XYLOSTELLA L. AND HELICOVERPA ARMIGERA HUB. AND THEIR IMPACT ON CABBAGE INFESTATION,10.57182/jbiopestic.2.1.32-36,2009,cypermethrin,"The abstract states that 1% extracts of Vitex negundo and Clerodendrum inerme were more effective than the standard insecticide Challenger 10EC (cypermethrin) in reducing Plutella xylostella larval density and infestation. It also mentions no phytotoxic effects on cabbage plants from these extracts, implying safety advantages. Thus, these plant extracts are presented as safer alternatives to cypermethrin.",Vitex negundo extract; Clerodendrum inerme extract,
"Effects of dietary garlic (Allium sativum) oil on growth performance, haemato‐biochemical and histopathology of cypermethrin‐intoxicated Nile tilapia (Oreochromis niloticus)",10.1002/vms3.1449,2024,cypermethrin,"The abstract indicates that garlic oil supplementation had positive effects on various health parameters of Nile tilapia exposed to cypermethrin toxicity, suggesting that garlic oil acts as a protective agent against the harmful effects of cypermethrin. This implies that garlic oil may serve as a safer alternative to cypermethrin in this context.",garlic oil,"toxicity to fish, serious lesions in gill tissue, serious lesions in liver tissue, serious lesions in brain tissue, serious lesions in muscle tissue"
Impact of Chemical Insecticide Application on Beneficial Insects in Maize,10.3390/insects15040224,2024,cypermethrin,"The abstract suggests that inundative release of T. brassicae and/or microbial control using Bacillus thuringiensis preparations can serve as a valuable alternative to chemical insecticides, which implies a safer option compared to traditional insecticides like cypermethrin. However, it does not explicitly state that these alternatives are safer than cypermethrin in terms of toxicity or environmental impact.",,"negative effect on natural parasitism of Trichogramma brassicae, reduced parasitism rates due to insecticide exposure including cypermethrin, increased abundance of aphid population, negative effect on aphid predator community composition"
Neuroprotective Effects of Nano-Curcumin against Cypermethrin Associated Oxidative Stress and Up-Regulation of Apoptotic and Inflammatory Gene Expression in Rat Brains,10.3390/antiox12030644,2023,cypermethrin,"The abstract indicates that curcumin nanoparticles (NC) provide protection against the neurotoxic effects of cypermethrin (CPM) by improving antioxidant status and reducing inflammation and apoptosis. This suggests that NC serves as a safer alternative to CPM in the context of neurotoxicity, as it mitigates the harmful effects associated with CPM exposure.",curcumin nanoparticles,"neurotoxicity, oxidative stress, neurochemical agitation, alteration of sodium channels, reduction of Na-K ATPase activity, reduction of acetylcholine esterase (AchE) activity, reduction of monoamine oxidase (MAO) activity, decreased antioxidant enzyme activity, decreased glutathione reduced (GSH) levels, increased lipid peroxidation (LPO), increased inflammatory interleukins (IL-6, IL-1β, TNF-α), elevated expression of apoptosis markers (Bax, NF-kB, caspase-3 and -9)"
"Toxicity assessment of cypermethrin nanoparticles in Channa punctatus: Behavioural response, micronuclei induction and enzyme alteration",10.1016/j.yrtph.2018.10.004,2018,cypermethrin,"The abstract indicates that cypermethrin nanoparticles (CypNPs) are less toxic than the conventional form of cypermethrin (Cyp), as evidenced by lower levels of micronuclei and enzyme activity in the fish exposed to CypNPs compared to Cyp. This suggests that CypNPs can be considered a safer alternative to cypermethrin.",cypermethrin nanoparticles (CypNPs),"genotoxicity, tissue impairment, cellular damage in liver, physiological stress"
Efecto de la aplicación de Bacillus thuringiensis en el control del gusano cogollero (Spodoptera frugiperda J.E. Smith) del híbrido de Maíz (Zea mays) INIAP H-551 en la comuna Río Verde provincia de Santa Elena,10.26423/rctu.v5i1.312,2018,cypermethrin,"The abstract explicitly recommends Bacillus thuringiensis (BT) as a clean alternative for controlling Spodoptera frugiperda, highlighting its benefits in reducing soil and water contamination and preventing harmful substances from entering the food chain. This indicates that BT is presented as a safer alternative to cypermethrin, which is mentioned in the context of comparison.",Bacillus thuringiensis (BT),
"Natural products as insecticides: the biology, biochemistry and quantitative structure-activity relationships of spinosyns and spinosoids.",10.1002/PS.358,2001,cypermethrin,"The abstract explicitly compares spinosyn A to cypermethrin, stating that spinosyns exhibit a favorable environmental and toxicological profile, which implies a safety advantage. This suggests that spinosyn A is a safer alternative to cypermethrin due to its unique mode of action and lower toxicity.",spinosyn A,
"Physiological selectivity of insecticides to adult of Doru luteipes (Scudder, 1876) (Dermaptera: Forficulidae)",10.1590/S1806-66902013000400022,2013,cypermethrin,"The abstract compares the toxicity of several insecticides to Doru luteipes, including a mixture containing α-cypermethrin, which was moderately harmful. Triflumuron was classified as harmless or slightly harmful, indicating lower toxicity to the predator. The abstract explicitly recommends triflumuron for integrated pest management due to its low toxicity, implying it is a safer alternative to cypermethrin-containing products.",triflumuron,"harmful to Doru luteipes adults (teflubenzuron/α-cypermethrin classified as moderately harmful, class 3), harmful residues to Doru luteipes when applied on glass plates"
Efficacy of Precocene I from Desmosstachya bipinnata as an Effective Bioactive Molecules against the Spodoptera litura Fab. and Its Impact on Eisenia fetida Savigny,10.3390/molecules26216384,2021,cypermethrin,"The abstract compares the toxicity of Precocene I and chemical pesticides including cypermethrin on the non-target organism Eisenia fetida, showing mortality only with the chemical pesticides and not with Precocene I. This indicates that Precocene I has a safety advantage over cypermethrin, suggesting it as a safer alternative.",Precocene I,
TOXICITY OF INSECTICIDES USED IN MUSKMELON ON FIRST-INSTAR LARVAE OF Chrysoperla genanigra FREITAS ( NEUROPTERA : CHRYSOPIDAE ) 1,10.1590/1983-21252017v30n314rc,2017,cypermethrin,"The abstract compares the toxicity of several insecticides including beta-cypermethrin and finds that chlorantraniliprole is classified as innocuous (Class 1) while beta-cypermethrin is harmful (Class 4) to first-instar larvae of Chrysoperla genanigra. It explicitly recommends chlorantraniliprole for use in integrated pest management programs, indicating it as a safer alternative to cypermethrin.",chlorantraniliprole,harmful to first-instar larvae of Chrysoperla genanigra
"Comparative acute toxicity of three pyrethroids (Deltamethrin, cypermethrin and lambda-cyhalothrin) on guppy fish (Poecilia reticulata peters, 1859)",10.1016/j.sciaf.2020.e00504,2020,cypermethrin,"The abstract compares the toxicity of cypermethrin with two other pyrethroids, deltamethrin and lambda-cyhalothrin, indicating that both are less toxic to guppies than cypermethrin. This suggests that deltamethrin and lambda-cyhalothrin could be considered safer alternatives to cypermethrin in terms of acute toxicity to non-target aquatic organisms.",deltamethrin; lambda-cyhalothrin,"acute toxicity to non-target aquatic life, potential to disrupt normal trophic balance"
PESTICIDES EFFECT ON THE LEVEL OF MTDNA DAMAGE IN BUMBLEBEES HEADS (BOMBUS TERRESTRIS L.),10.52571/ptq.v17.n34.2020.419_p34_pgs_395_402.pdf,2020,cypermethrin,"The abstract compares the genotoxic effects of cypermethrin with other pesticides and notes that mitochondria-targeted pesticides (Fenazaquin, Chlorfenapyr, Hydramethylnone, Pyridaben, and Tolfenpyrad) generally cause less mtDNA damage than broad-spectrum pesticides including cypermethrin. This suggests these mitochondria-targeted pesticides may be safer alternatives to cypermethrin in terms of genotoxicity.",Fenazaquin; Chlorfenapyr; Hydramethylnone; Pyridaben; Tolfenpyrad,"genotoxicity, mtDNA damage"
"Effect of Native Soap on Insect Pests and Grain Yield of Cowpea (Vigna unguiculata (L) Walp) in Asaba and Abraka during the Late Cropping Season in Delta State, Nigeria",10.5539/SAR.V1N2P275,2012,cypermethrin,"The abstract indicates that native soap is a promising non-conventional insecticide that is 'safe to handle' and suggests that farmers may prefer it to synthetic chemical pesticides due to their associated dangers. This implies that native soap is a safer alternative to cypermethrin, which is a synthetic chemical pesticide.",native soap,
Embryotoxic and teratogenic effects of pesticides in chick embryos: A comparative study using two commercial formulations,10.1002/tox.20627,2012,cypermethrin,"The abstract compares a combination insecticide containing cypermethrin and chlorpyrifos with spinosad, noting that the combination caused explicit embryonic malformations while spinosad caused only trivial changes. This indicates spinosad has a safer profile in terms of embryotoxicity and teratogenicity compared to cypermethrin-containing formulation, suggesting spinosad as a safer alternative.",spinosad,"developmental toxicity, embryonic growth and development alterations, morphological malformations, skeletal malformations (axial and appendicular)"
Compatibility of insecticides and fungicides with the zoophytophagous mirid predator Nesidiocoris tenuis,10.1371/journal.pone.0187439,2017,cypermethrin,"The abstract compares the effects of cypermethrin with pyriproxyfen and spirotetramat on the predator Nesidiocoris tenuis, indicating that cypermethrin caused significant mortality and reduced reproductive capacity, whereas pyriproxyfen and spirotetramat did not and were considered compatible. This suggests pyriproxyfen and spirotetramat have safety advantages relative to cypermethrin.",pyriproxyfen; spirotetramat,"significant mortality to Nesidiocoris tenuis adults, significant reduction in reproductive capacity of Nesidiocoris tenuis"
A Survey of Organophosphate Susceptibility in Populations of Bovicola ovis (Schrank) (Phthiraptera: Trichodectidae),10.1111/j.1440-6055.1994.tb00913.x,1994,cypermethrin,"The abstract indicates that organophosphate chemicals, such as diazinon, can be recommended as alternatives to cypermethrin for controlling pyrethroid-resistant lice. This suggests that organophosphates may be a safer option in this context, as they are being proposed for use against a pest that has developed resistance to cypermethrin.",organophosphate chemicals; diazinon,
Ameliorative Effect of The Methanolic Leaf Extract of Jatropha gossypifolia on Cypermethrin‐Induced Heamatological Alterations of Female Wistar Rats,10.1096/fasebj.2020.34.s1.00534,2020,cypermethrin,"The abstract indicates that the methanolic leaf extract of Jatropha gossypifolia (JG) has ameliorative effects on the adverse impacts of cypermethrin, suggesting it may serve as a safer alternative. It also states that the plant extract was therapeutically safe at the doses studied, implying a safety advantage over cypermethrin.",methanolic leaf extract of Jatropha gossypifolia,"harmful to the environment, harmful to mammalian life, adverse effects on hematological status, decreased concentration of RBC, HCT, HGB, WBC, LYM, %LYM, and PLT, increased MCH, MCHC, MCV, and RDW_CV"
Еvaluation of chemical preparations for apple tree protection against pests according to ecotoxicological indicators,10.33730/2077-4893.3.2023.287770,2023,cypermethrin,"The abstract compares various insecticides including cypermethrin and identifies some preparations (Kalipso 480 SC, Movento 100 SC, Oberon Rapid 240 SC, Transform WG, Fufanon 570 EC) as posing the least potential danger to the natural environment when used as recommended. It also states that pyrethroid preparations, including those with cypermethrin, pose the biggest danger. This indicates these named preparations are safer alternatives to cypermethrin.",Kalipso 480 SC; Movento 100 SC; Oberon Rapid 240 SC; Transform WG; Fufanon 570 EC,"ecotoxicological risk, danger to agrobiocenoses of apple trees, classified as dangerous or very dangerous (levels 2 and 3) in some preparations"
Protective effects of 5-aminolevulinic acid against toxicity induced by alpha-cypermethrin to the liver-gut-microbiota axis in zebrafish.,10.1016/j.ecoenv.2022.113422,2022,cypermethrin,"The abstract indicates that 5-aminolevulinic acid (ALA) alleviates the toxicity caused by alpha-cypermethrin (α-CP) and improves health outcomes in zebrafish, suggesting that ALA may serve as a safer alternative to α-CP. It specifically mentions that ALA can reduce the toxicity and histopathological lesions induced by α-CP, which implies a safety advantage over cypermethrin.",5-aminolevulinic acid (ALA),"toxicity to the liver-gut-microbiota axis, histopathological lesions in the liver and gut, oxidation-reduction dysfunctions, heme metabolism dysfunctions, complement activation pathway dysfunctions, gut microbial dysbiosis"
Preliminary investigation on the effects of biological and synthetic insecticides on large white butterfly (Pieris brassicae L.) larvae,10.2298/ZMSPN0712075K,2007,cypermethrin,"The abstract discusses biopesticides, specifically Bacillus thuringiensis and Spinosad, as more environment-friendly and safer alternatives to high-risk insecticides like cypermethrin. It highlights their lower toxicity and reduced residues in commodities, which can be interpreted as safety advantages compared to cypermethrin.",Bacillus thuringiensis; Spinosad,
Impact of different groups of pesticides on the population dynamic of honey bee (Apis melifera L.),10.33865/wjb.009.02.1346,2024,cypermethrin,"The abstract compares synthetic pesticides including cypermethrin with botanical pesticides and reports much lower honey bee mortality and repellency rates for botanical extracts (e.g., Azadirachta indica and stramonium leaves) than for cypermethrin. This indicates that botanical pesticides are safer alternatives to cypermethrin in terms of honey bee toxicity.",botanical pesticides,"lethal effects on the survival of honey bees, high mortality rate in honey bees (80.3% mortality for cypermethrin), repellency effects on honey bees"
Diverse Approaches to Insect Control: Utilizing Brassica carinata (A.) Braun and Camelina sativa (L.) Crantz Oil as Modern Bioinsecticides,10.3390/f15010105,2024,cypermethrin,"The abstract discusses botanical insecticides derived from Brassica carinata and Camelina sativa oils as promising alternatives to chemical insecticides, including alpha-cypermethrin, which has been withdrawn by the EU. It explicitly states that these oil-based preparations will not pose a threat to living beings or the environment, implying a safety advantage over cypermethrin. Therefore, it clearly presents a safer alternative to cypermethrin.",Brassica carinata oil; Camelina sativa oil,
Ovicidal and repellent activities of several plant essential oils against Periplaneta americana L. and enhanced activities from their combined formulation,10.1038/s41598-022-16386-x,2021,cypermethrin,"The abstract states that the combined essential oil formulation can replace cypermethrin because their efficacy was nearly equivalent, and it explicitly mentions that the combination should be much safer to use, indicating a clear safety advantage over cypermethrin.",combined essential oil formulation,
Effects of encapsulation on the toxicity of insecticides to the Oriental fruit moth (Lepidoptera: Tortricidae) and the predator Typhlodromus pyri (Acari: Phytoseiidae),10.4039/Ent133819-6,2001,cypermethrin,"The abstract compares microencapsulated formulations of cypermethrin to traditional emulsifiable-concentrate formulations and finds that the microencapsulated cypermethrin is less toxic to both target insects and beneficial predatory mites, indicating a reduction in toxicity. This suggests a safety advantage of the microencapsulated formulation over traditional cypermethrin formulations, which can be reasonably interpreted as a safer alternative.",microencapsulated cypermethrin,"toxicity to larvae of the Oriental fruit moth (Grapholita molesta), toxicity to pyrethroid-susceptible and pyrethroid-resistant populations of the predaceous mite Typhlodromus pyri"
"ANTIPARASITIC EFFICACY OF FIPRONIL IN WISTAR RATS NATURALLY INFESTED BY Polyplax spinulosa (BURMEISTER, 1839)",10.15361/2175-0106.2018V34N2P53-59,2018,cypermethrin,"The abstract indicates that fipronil is an effective option for controlling Polyplax spinulosa in Wistar rats, while the treatment with cypermethrin and its associated substances was not effective against egg viability and hatching. This suggests that fipronil may be a safer alternative due to its effectiveness in preventing parasitic infestation compared to the combination including cypermethrin.",fipronil,
Microalgal Astaxanthin Ameliorates Cypermethrin-Induced Necroptosis and Inflammation via Targeting Mitochondrial Ca2+ Homeostasis and the ROS-NF-κB-RIPK3/MLKL Axis in Carp Hepatocytes (Cyprinus carpio).,10.1016/j.fsi.2024.109944,2024,cypermethrin,"The abstract indicates that astaxanthin (MAT) has protective effects against the toxic impacts of cypermethrin (CY) on carp hepatocytes, suggesting that MAT can mitigate the adverse effects caused by CY. This implies that MAT serves as a safer alternative to cypermethrin by enhancing cellular defenses and reducing necroptosis and inflammation associated with CY exposure.",astaxanthin,"toxicity to aquatic species, immune organ damage in aquatic species, increased reactive oxygen species (ROS) leading to oxidative stress, impairment of cellular antioxidant capacity, hepatocyte necroptosis, mitochondrial Ca2+ concentration elevation causing cellular dysfunction, activation of inflammatory signaling pathways (ROS-NF-κB-RIPK3/MLKL), increased expression of inflammatory genes (IL-6, IFN-γ, IL-4, IL-1β, TNF-α), immune dysfunction in hepatocytes"
Exploring the Insecticidal Potential of Boldo (Peumus boldus) Essential Oil: Toxicity to Pests and Vectors and Non-target Impact on the Microcrustacean Daphnia magna,10.3390/molecules24050879,2019,cypermethrin,"The abstract explicitly states that Boldo essential oil (BEO) was significantly less toxic to aquatic microcrustacean Daphnia magna than the conventional insecticide α-cypermethrin, indicating a safety advantage. This comparison suggests that BEO could be considered a safer alternative to cypermethrin.",Boldo essential oil (BEO),
Agricultural chemicals: life changer for mosquito vectors in agricultural landscapes?,10.1186/s13071-016-1788-7,2016,cypermethrin,"The abstract indicates that emergence rates for Anopheles arabiensis were significantly higher in the ammonium sulfate treatment compared to cypermethrin treatment, suggesting that ammonium sulfate may be a safer alternative. Additionally, emergence rates for Culex quinquefasciatus were significantly higher in the diammonium phosphate treatment compared to cypermethrin, indicating a potential safety advantage over cypermethrin.",ammonium sulfate; diammonium phosphate,
Toxicological Studies of Some Compounds on Two-Spotted Spider Mite Tetranychus urticae on Different Host Plants.,10.21608/jppp.2016.51178,2016,cypermethrin,"The abstract mentions that neem oil was the least toxic compound to adult females of T. urticae, suggesting it has a safety advantage compared to cypermethrin, which is noted as the most effective compound. This indicates that neem oil could be considered a safer alternative to cypermethrin in terms of toxicity.",neem oil,
"Short and Long-Term Effects of Endosulfan, Cypermethrin, Spinosad, and Methoxyfenozide on Adults of Chrysoperla externa (Neuroptera: Chrysopidae)",10.1603/EC12189,2012,cypermethrin,"The abstract indicates that methoxyfenozide induces the lowest effects on reproductive parameters and is classified as class 1 (innocuous), while cypermethrin is classified as class 2 (moderately toxic). This suggests that methoxyfenozide is a safer alternative to cypermethrin based on its lower toxicity classification and lesser impact on reproductive outcomes.",methoxyfenozide,"moderate toxicity to adult Chrysoperla externa, reduced survivorship of adults irrespective of sex, delayed reproductive maturity, reduced fecundity of females"
Comparative Efficiency of some Chemicals against Cotton Mealybug and their Side Effects on Associated Predators under Field Condition,10.21608/jppp.2022.162115.1094,2022,cypermethrin,"The abstract indicates that emamectin benzoate, Kz-oil, and detergent soap had lower side effects on associated predators, with less than 25% mean reduction in their population, compared to other compounds like alpha-cypermethrin which caused more than 50% reduction. This suggests that these alternatives may be safer in terms of their impact on non-target species, which can be interpreted as a safety advantage over cypermethrin.",emamectin benzoate; Kz-oil; detergent soap,"harmful to Chrysoperla carnea Steph. (predator species), harmful to Coccinella undecimpunctata Linnaeus (predator species), causes more than 50% mean reduction in predator populations"
Conventional Versus Biorational Insecticides for Controlling Mustard Aphid and Their Effects on Beneficial Insects,10.3329/jbau.v22i3.76406,2024,cypermethrin,"The abstract indicates that Lufenuron and Nimbicidine are more effective in reducing aphid infestation and have less negative impact on beneficial insects compared to Cypermethrin, suggesting they are safer alternatives. The mention of their effectiveness without harming ladybird beetles and honey bees supports the claim of being safer than Cypermethrin.",Lufenuron; Nimbicidine,"reduction in number of ladybird beetle, reduction in number of honey bee"
Entomopathogenic nematodes as an effective and sustainable alternative to control the fall armyworm in Africa,10.1093/pnasnexus/pgae122,2024,cypermethrin,"The abstract compares a nematode gel formulation to cypermethrin and highlights that the nematode treatment is effective and sustainable. It describes the nematode gel as innocuous and biodegradable, implying safety advantages over chemical insecticides like cypermethrin. The abstract explicitly suggests that nematodes can be a sustainable alternative to insecticides, including cypermethrin, for fall armyworm control.",,
Efficacy of Trunk Trap Nets and Insecticides Applied Alone and in Combination for Control of Tree-of-heaven Root Weevil Eucryptorrhynchus scrobiculatus in Ailanthus altissima Plantations,10.3390/f10110972,2019,cypermethrin,"The abstract compares cypermethrin spray (CS) and thiacloprid spray (TS) treatments with trunk trap nets (TTN) and their combinations. It states that TTN alone is clearly effective for suppressing the pest and stabilizing tree health, while CS and TS had very little to no impact. The abstract suggests that TTN, a physical control technique, could manage the pest without insecticides, implying a safer alternative to cypermethrin due to the absence of chemical use.",,
Study of Cypermethrin Cytogenesis effects on Human Lymphocytes Using In-Vitro Techniques,10.4314/JASEM.V11I2.54994,2010,cypermethrin,"The abstract compares cypermethrin with hypermethrin, stating that hypermethrin was found to be low toxic to lymphocyte culture based on LC50 values, while cypermethrin showed significant genotoxic effects. This indicates that hypermethrin has safety advantages and can be reasonably interpreted as a safer alternative to cypermethrin.",hypermethrin,"genotoxicity, chromosomal aberrations, chromosomal breaks, DNA single-strand breaks, cytotoxicity to human lymphocytes"
"The state of the liver, reproductive and musculoskeletal systems in female rats with pro-longed exposure to α-cypermethrin",10.15421/022435,2024,cypermethrin,"The abstract discusses the use of an adaptogenic complex consisting of quercetin, vitamins, and minerals as a preventive measure against the negative effects of α-cypermethrin intoxication. It indicates that this complex effectively prevented oxidative stress, inflammation, and endocrine disruption, suggesting it serves as a safer alternative to α-cypermethrin in terms of mitigating its harmful effects.",quercetin; vitamins; minerals,"endocrine disruption (negative effect on sexual function, prolongation of estrous cycle, decrease in ovarian organ index, increase in blood estradiol levels), bone tissue damage (increase in atrophy of alveolar process, decrease in bone density, decrease in mineral content in bones, increased osteoresorption markers), oxidative stress (increase in malondialdehyde content, decrease in catalase activity), inflammation (in liver and blood serum), hepatotoxicity (increase in acid phosphatase activity, inhibition of antioxidant defense in liver)"
"Insecticide susceptibility of horn flies, Haematobia irritans (Diptera: Muscidae), in the State of Mato Grosso do Sul, Brazil.",10.1590/S1984-29612007000300006,2007,cypermethrin,"The abstract indicates that diazinon showed high susceptibility (RR <= 1.1) in all populations, suggesting it is a safer alternative to cypermethrin, which exhibited significant resistance. This implies that diazinon may be more effective and potentially less harmful in the context of controlling horn flies compared to cypermethrin.",diazinon,
"Influence of mixed biocide GCSC-BtA on the pupae and adult stages of Apanteles plutellae Kurd. (Hym., Braconidae) and its host, Plutella xylostella (L.) (Lep., Plutellidae)",10.1046/J.1439-0280.2001.D01-2.X,2001,cypermethrin,"The abstract explicitly states that GCSC-BtA was more toxic to the pest Plutella xylostella and safer to the beneficial insect Apanteles plutellae than cypermethrin, indicating a safety advantage. This suggests GCSC-BtA as a safer alternative to cypermethrin in controlling P. xylostella while preserving A. plutellae.",GCSC-BtA,"high toxicity to pupae and adults of Apanteles plutellae, mortality effects on pupae and adults of Plutella xylostella"
Comparative toxicity of different chemical and biological insecticides against the scale insect Dactylopius opuntiae and their side effects on the predator Cryptolaemus montrouzieri,10.1080/03235408.2019.1589909,2019,cypermethrin,"The abstract indicates that d-limonene and mineral oil may be viable alternatives to high-risk chemical pesticides, including alpha-cypermethrin, as they have little adverse impact on the predator C. montrouzieri. This suggests that these alternatives are safer compared to cypermethrin, which caused significant mortality in the predator.",d-limonene; mineral oil,"toxicity to predator ladybird Cryptolaemus montrouzieri adults, toxicity to predator ladybird Cryptolaemus montrouzieri larvae"
"Resistance Status of Ae.aegypti to Insecticide in Ternate City, North Maluku",10.18535/jmscr/v5i7.156,2017,cypermethrin,"The abstract indicates that the resistance status of Ae. aegypti to cypermethrin is problematic, and it suggests using insecticide rotation with the carbamate group as a control strategy. This implies that the carbamate group may serve as a safer alternative to cypermethrin, although it does not explicitly state safety advantages. However, the context of rotation suggests a need for a safer option.",,resistance of Ae. aegypti to cypermethrin
Dose response of the cowpea curculio (Coleoptera: Curculionidae) from different regions of Georgia to some currently used pyrethroid insecticides.,10.18474/0749-8004-25.2.219,1990,cypermethrin,"The abstract indicates that es-fenvalerate is less toxic than cypermethrin, suggesting it is a safer alternative. This is supported by the statement that es-fenvalerate was less toxic in the regions where pyrethroid insecticides, including cypermethrin, have been used extensively.",es-fenvalerate,
Toxic effects of cypermethrin and methamidophos on bovine corpus luteal cells and progesterone production.,10.1016/j.etp.2009.10.007,2011,cypermethrin,"The abstract compares the toxic effects of cypermethrin and methamidophos on bovine corpus luteal cells and finds that cypermethrin exhibited more adverse toxic changes than methamidophos. This indicates that methamidophos has a comparatively lower toxicity profile in this context, suggesting a safety advantage over cypermethrin.",methamidophos,"toxicity to bovine corpus luteal cells, decreased viable cell counts, decreased progesterone production, degenerative changes in luteal cells, pleomorphic changes, nuclear degeneration, vacuolation, cell shrinkage and rupture, cloudy swelling and hydropic degeneration, less cytoplasmic granulation, cell elongation, hyalinization, cytoplasmic haziness, stripling and necrosis"
"Development of Insecticide Resistance in Field Populations of Onion Thrips, Thrips tabaci (Thysanoptera: Thripidae)",10.3390/insects14040376,2023,cypermethrin,"The abstract states that spinosyns (spinosad and spinetoram) showed the lowest levels of resistance in Thrips tabaci populations compared to cypermethrin, which had moderate to high resistance levels. It explicitly mentions that spinosyns could be used as alternatives to conventional insecticides, implying a potential safety or efficacy advantage over cypermethrin.",spinosad; spinetoram,
"Laboratory contact effect of some insecticides on predatory assasin bug, Rhynocoris marginatus Fabricius (Reduviidae: Hemiptera)",10.22271/chemi.2020.v8.i6k.10862,2020,cypermethrin,"The abstract compares the toxicity of various insecticides to a predatory bug and notes that cypermethrin combined with ethion is slightly harmful, while several other insecticides, including thiacloprid and azadirachtin, are categorized as harmless with much lower mortality rates. This indicates these substances have safety advantages relative to cypermethrin, suggesting they could be safer alternatives.",thiacloprid; azadirachtin,
"Selectivity of Abamectin Against Chrysoperla carnea (Stephens) (Chrysopidae, Neuroptera)",10.9734/jsrr/2025/v31i12803,2025,cypermethrin,"The abstract explicitly states that all doses of abamectin were comparatively safer than cypermethrin, indicating a clear safety advantage. It also concludes that abamectin is harmless to Chrysoperla carnea and can be used selectively in integrated control programs, supporting its role as a safer alternative to cypermethrin.",abamectin,
Selectividad de insecticidas con el parasitoide Tamarixia triozae (Hymenoptera: Eulophidae) para el control de Bactericera cockerelli (Hemiptera: Triozidae),10.21640/ns.v12i25.2618,2020,cypermethrin,"The abstract indicates that Metarhizium anisopliae (M. anisopliae) shows selectivity with the parasitoid Tamarixia triozae, achieving a selectivity ratio (PS) of 3.58, while Cypermethrin has a very low selectivity ratio (PS = 0.01). This suggests that M. anisopliae is a safer alternative to Cypermethrin in terms of its impact on beneficial organisms.",Metarhizium anisopliae,toxicity to parasitoid Tamarixia triozae
"Effect of contact pesticides on vine mealybug parasitoids, ""Anagyrus"" sp. near ""pseudococci"" (Girault) and ""Coccidoxenoides perminutus"" (Timberlake) (Hymenoptera: Encyrtidae)",10.21548/30-2-1430,2016,cypermethrin,"The abstract indicates that buprofezin, mancozeb, and insecticidal soap were not toxic to parasitoids, suggesting they are safer alternatives to α-cypermethrin, which caused significant acute toxicity. This comparison implies that these substances have safety advantages over cypermethrin in the context of protecting parasitoids.",buprofezin; mancozeb; insecticidal soap,acute toxicity to parasitoids
Anise and Fennel Essential Oils and Their Combination as Natural and Safe Housefly Repellents,10.3390/insects16010023,2024,cypermethrin,"The abstract explicitly states that the combinations of fennel and anise essential oils are more stable than α-cypermethrin and are safe for non-target species, indicating a safety advantage. This suggests that these essential oils serve as a safer alternative to cypermethrin in housefly management.",fennel essential oil; anise essential oil,
"Study on the Effects of Organophosphate Insecticide Triazophos, Biopesticide Spinosad and a Pyrethroid Insecticide Cypermethrin on Oxidative Stress Biomarkers of Branchiura sowerbyi (Beddard, 1892)",10.46488/nept.2022.v21i02.043,2022,cypermethrin,"The abstract provides a comparative analysis of the toxic effects of triazophos, spinosad, and cypermethrin on Branchiura sowerbyi, indicating that spinosad has a lower rank of toxicity compared to cypermethrin. This suggests that spinosad may be a safer alternative to cypermethrin.",spinosad,"toxicity to benthic Oligochaete worm Branchiura sowerbyi, increased reactive oxygen species (ROS) creation, elevated catalase (CAT) activity indicating oxidative stress"
Toxicity of synthetic pyrethroid insecticides to predaceous phytoseiid mites and their prey,10.1071/AR9790497,1979,cypermethrin,"The abstract compares the toxicities of cypermethrin and fenvalerate to azinphosmethyl, indicating that both synthetic pyrethroid insecticides are considerably more toxic than azinphosmethyl. This suggests that azinphosmethyl may be a safer alternative to cypermethrin due to its lower toxicity to the predaceous mites.",azinphosmethyl,"toxicity to predaceous mite species, causes considerable mortality of predator mites at recommended application rates"
"Chlorfenapyr (A Pyrrole Insecticide) Applied Alone or as a Mixture with Alpha-Cypermethrin for Indoor Residual Spraying against Pyrethroid Resistant Anopheles gambiae sl: An Experimental Hut Study in Cove, Benin",10.1371/journal.pone.0162210,2016,cypermethrin,"The abstract indicates that chlorfenapyr shows potential to significantly improve the control of malaria transmission in pyrethroid resistant areas compared to pyrethroid IRS, which implies that chlorfenapyr is a safer alternative to cypermethrin due to its higher efficacy against resistant mosquitoes. The results demonstrate that chlorfenapyr alone achieved a mortality rate of 63%, while alpha-cypermethrin alone did not differ from the control, suggesting chlorfenapyr's superior effectiveness and potential safety benefits in this context.",chlorfenapyr,
Potential of pyrethroid insecticides and plant extracts on fecundity and egg viability of Tribolium castaneum (Herbst),10.3329/JBS.V19I0.13007,2012,cypermethrin,"The abstract compares cypermethrin and fenitrothion insecticides with plant extracts from Murraya paniculata L. and Jatropha gossypifolia L. It concludes that the plant extracts effectively reduce fecundity and egg viability of Tribolium castaneum with low mammalian toxicity, implying a safety advantage. This suggests the plant extracts are presented as safer alternatives to synthetic pyrethroids like cypermethrin.",plant extracts from Murraya paniculata L.; plant extracts from Jatropha gossypifolia L.,
MANAGEMENT OPTIONS AGAINST POD BORER (MARUCA TESTULALIS GEYER) AND POD SUCKING BUGS (RIPTORTUS DENTIPES) OF COWPEA (VIGNA UNGUICULATA (L.) WALP.),10.26480/trab.01.2020.24.30,2020,cypermethrin,"The abstract explicitly states that Spinosad is an 'eco-friendly, safe and less hazardous bio-pesticide' and recommends it as a good approach for managing pests, indicating that it is a safer alternative to cypermethrin.",Spinosad,
Investigation of DNA affinity levels of pesticides: docking analysis results,10.55665/troiamedj.1137673,2022,cypermethrin,"The abstract indicates that alpha-cypermethrin has the highest toxicity and gene damage potential, and suggests that alternatives with lower DNA affinity and toxicity should be preferred. This implies that there are safer alternatives to alpha-cypermethrin, although specific alternatives are not named.",,"toxicity, gene damage potential"
Laboratory and field trials reveal the potential of a gel formulation of entomopathogenic nematodes as biocontrol against the fall armyworm (Spodoptera frugiperda),10.1101/2022.02.03.479057,2022,cypermethrin,The abstract states that the gel formulation of entomopathogenic nematodes (EPN) was as effective as a standard dose of cypermethrin and describes EPN as a safe and sustainable alternative to chemical insecticides. This clearly indicates a safer alternative to cypermethrin.,entomopathogenic nematodes (EPN),
Essential oil and fenchone extracted from Tetradenia riparia (Hochstetter.) Codd (Lamiaceae) induce oxidative stress in Culex quinquefasciatus larvae (Diptera: Culicidae) without causing lethal effects on non-target animals.,10.1007/s11356-024-33440-5,2024,cypermethrin,"The abstract clearly states that the essential oil (EO) from Tetradenia riparia and its compound fenchone do not cause lethal effects on non-target animals, while α-cypermethrin is extremely toxic to these same animals, causing 100% mortality. This indicates that the EO and fenchone are safer alternatives to cypermethrin in terms of non-target animal safety.",essential oil from Tetradenia riparia; fenchone,"extremely toxic to non-target animals, causes 100% death in Anisops bouvieri, Diplonychus indicus, Danio rerio, and Paracheirodon axelrodi"
Multiple giant cell formation – A consequence of type II pyrethroid intoxication,10.2478/intox-2018-0014,2018,cypermethrin,"The abstract indicates that Beta-cyfluthrin has an 'edge over' Cypermethrin, suggesting it may be a safer alternative due to structural differences that presumably lead to less harmful effects, as evidenced by the observed histopathological changes.",Beta-cyfluthrin,"hepatocyte giant cell formation, polyploidy condition"
"Plant essential oils, trans-anethole and eugenol, for housefly knockdown and mortality",10.63369/ijat.2025.21.2.555-562,2025,cypermethrin,"The abstract indicates that trans-anethole has high toxicity and low residue, which suggests it may be a safer alternative to cypermethrin due to its lower environmental impact. The mention of 'superior control' implies a comparative advantage in safety over cypermethrin.",trans-anethole,
Anticlastogenic and Antidyslipidemic Activities of Jatropha Gossypifolia Leaf Extract on Female Rats Exposed to Cypermethrin,10.1096/fasebj.2020.34.s1.00522,2020,cypermethrin,"The abstract indicates that the methanolic extract of Jatropha gossypifolia (JG) can attenuate the dyslipidemic and clastogenic effects induced by cypermethrin, suggesting it has therapeutic safety advantages. While it does not explicitly state that JG is a safer alternative, the context implies it may serve as a safer option in mitigating the adverse effects of cypermethrin.",,"toxicity to non-target organisms, increased interaction with central nervous system, dyslipidemia (increased cholesterol and triglycerides in plasma and organs), clastogenicity (increased mean polychromatic erythrocyte)"
Insecticidal activity of a Melinis minutiflora grass extract on Stomoxys calcitrans flies,10.17533/udea.rccp.324653,2011,cypermethrin,"The abstract suggests that extracts from Melinis minutiflora could serve as a safe substitute for chemical insecticides, specifically mentioning that the lethal effect of the plant extract is hypothesized to be similar to or higher than that of cypermethrin. This indicates a potential safety advantage, as it implies a natural alternative to a synthetic insecticide.",,
"Impact of a Brazilian Nucleopolyhedrovirus Release on Anticarsia gemmatalis (Lepidoptera: Noctuidae), Secondary Insect Pests, and Predators on Soybean in Mexico",10.18474/0749-8004-40.2.222,2005,cypermethrin,"The abstract compares the Brazilian nucleopolyhedrovirus (AgNPV) with cypermethrin and shows that AgNPV maintains low pest levels while preserving beneficial arthropods, unlike cypermethrin which disrupts beneficial fauna and causes pest resurgence. This indicates AgNPV has safety advantages in terms of ecological balance and predator preservation, making it a safer alternative to cypermethrin.",Brazilian nucleopolyhedrovirus (AgNPV),"elimination of beneficial fauna, rapid resurgence of Anticarsia gemmatalis, increased secondary pests (mainly Pseudoplusia includens)"
Effect of α-cypermethrin and pirimiphos-methyl on wing morphology of Tribolium castaneum (Herbst) and T. confusum Jacquelin du Val: a comparative study,10.1007/s11356-023-30783-3,2023,cypermethrin,"The abstract compares the effects of α-cypermethrin and pirimiphos-methyl on the morphology of Tribolium castaneum and T. confusum. It indicates that α-cypermethrin causes more significant changes in wing shape compared to pirimiphos-methyl, suggesting that pirimiphos-methyl may be a safer alternative due to its lesser impact on morphological changes.",pirimiphos-methyl,
Control of Dermatobia hominis larvae by manual extraction is effective and does not cause abscesso,10.1590/1678-5150-pvb-7260,2023,cypermethrin,"The abstract compares three treatments including cypermethrin-based chemical treatment and manual larva extraction. Manual extraction was 100% effective and caused no abscesses, whereas the chemical treatments (including cypermethrin) caused abscesses. This indicates manual extraction is safer than cypermethrin-based treatment.",manual larva extraction,
"Lethal and sublethal effects of ten insecticides, used in date palm production in Saudi Arabia, on the parasitoid Trichogramma cacoeciae",10.2478/hppj-2018-0009,2018,cypermethrin,"The abstract mentions that bistrifluron and matrine are classified as harmless (IOBC Class 1), indicating they have lower toxicity compared to cypermethrin, which is classified as moderately harmful (IOBC Class 3). This suggests that bistrifluron and matrine can be considered safer alternatives to cypermethrin.",bistrifluron; matrine,"moderately harmful to Trichogramma cacoeciae adults (IOBC Class 3), harmful effects on parasitoid mortality at 24 hours post-treatment, sublethal effects reducing parasitism ratios"
Chlorantraniliprole: A Novel Insecticide for Bagworm (Metisa plana) Control in Oil Palm Plantation,10.56333/tp.2010.003,2010,cypermethrin,"The abstract indicates that chlorantraniliprole has a significantly lower mortality effect on non-target species (E. kamerunicus) compared to cypermethrin, suggesting a safety advantage. Additionally, it mentions minimal residue levels in crude palm oil and non-detectable levels in palm kernel oil, which implies lower environmental risk compared to cypermethrin.",chlorantraniliprole,high mortality to adult Elaeidobius kamerunicus (97.50% to 100.00%)
"Inhibition Effect of Some Plant Extracts on Calliteara pudibunda (Linneaus, 1758) Acetylcholinesterase",10.35229/jaes.1613209,2025,cypermethrin,"The abstract indicates that the aqueous extracts of olive leaf, alder leaf, cherry laurel leaf, walnut shell, and walnut leaf can be recommended as an alternative biopesticide source for pest control through acetylcholinesterase inhibition. This suggests that these plant extracts may be safer alternatives to cypermethrin, as they are presented in the context of pest control management.",aqueous extract of olive leaf; aqueous extract of alder leaf; aqueous extract of cherry laurel leaf; aqueous extract of walnut shell; aqueous extract of walnut leaf,
"Cypermethrin-induced histopathological, ultrastructural and biochemical changes in liver of albino rats: The protective role of propolis and curcumin",10.1016/J.BJBAS.2017.03.002,2017,cypermethrin,"The abstract discusses the protective effects of propolis (PRO) and curcumin (CUR) against the toxic effects of cypermethrin (CYP) on rat liver. It indicates that PRO is markedly effective in protecting against CYP-induced damage, suggesting that it may serve as a safer alternative due to its hepatoprotective properties.",propolis,"hepatotoxicity, oxidative stress, mitochondrial damage, nuclear changes, vacuolar degeneration of hepatocytes, fatty change in liver, blood vessel congestion, liver fibrosis, depletion of glycogen, protein, and DNA in liver"
Reduced exposure to malaria vectors following indoor residual spraying of pirimiphos-methyl in a high-burden district of rural Mozambique with high ownership of long-lasting insecticidal nets: entomological surveillance results from a cluster-randomized trial,10.1186/s12936-021-03583-8,2021,cypermethrin,"The abstract presents pirimiphos-methyl (PM) as an alternative to pyrethroid insecticides, specifically mentioning its effectiveness against pyrethroid-resistant vectors and its uniform susceptibility, which implies a safety advantage over cypermethrin. The results indicate that PM can provide effective vector control in settings where cypermethrin is commonly used, suggesting it is a safer alternative.",pirimiphos-methyl,
"Efficacy of current and potential grain protectant insecticides against a fenitrothion‐resistant strain of the sawtoothed grain beetle, Oryzaephilus surinamemis L",10.1002/PS.2780200203,1987,cypermethrin,"The abstract mentions methoprene as the most effective material at suppressing progeny production of the resistant strain, and it indicates that there was no resistance to methoprene. This suggests that methoprene could be a safer alternative to cypermethrin, as it effectively controls the target pest without the resistance issues seen with cypermethrin.",methoprene,
Efficacy of Chromafenozide Insecticide to Control Tirathaba rufivena and Its Impacts on Oil Palm Pollinator E. kamerunicus,10.1088/1755-1315/1308/1/012044,2024,cypermethrin,"The abstract compares Chromafenozide, Cypermethrin, and Bacillus thuringiensis var kurstaky for controlling Tirathaba rufivena. It states that Chromafenozide caused less mortality to the pollinator E. kamerunicus than Cypermethrin, indicating a safety advantage. This suggests Chromafenozide is a safer alternative to Cypermethrin.",Chromafenozide,"caused significant mortality to Elaedobius kamerunicus (pollinator weevil), detrimental effects on non-target insect species"
In vitro acaricidal activity of extracts of red cultivar Allium cepa L. on engorged female Rhipicephalus (Boophilus) annulatus from naturally infested cattle,10.36759/svj.2021.131,2021,cypermethrin,"The abstract compares the acaricidal efficacy of red cultivar Allium cepa L. extracts to cypermethrin, showing similar or better tick mortality and oviposition inhibition. It explicitly states that the plant extract could be an alternative to chemical acaricides like cypermethrin without exposing the environment, animals, and humans to hazards, indicating a safety advantage.",red cultivar Allium cepa L. extracts,
Development of Water Based Pesticide System,10.2298/PIF1201077G,2012,cypermethrin,"The abstract discusses the development of oil-in-water emulsions (EW) as a safer alternative to emulsifiable concentrates (EC), which include cypermethrin. It explicitly states that EW can reduce phytotoxicity, ecotoxicity, and dermal toxicity, indicating safety advantages over traditional formulations like cypermethrin.",oil-in-water emulsions (EW),
"Study on the Effect of Allylisothiocyanate Formulations on Three Lepidopterous Insect Larvae, the Diamond Back Moth, Plutella xylostella (L.), the Small Cabbage White Butterfly, Pieris rapae (L.) and Tobacco Cut Worm, Spodoptera litura Fabr",10.3844/AJESSP.2010.168.176,2010,cypermethrin,"The abstract indicates that allylisothiocyanate (AITC) formulations, particularly when mixed with cypermethrin, are considered safer and have advantages such as being fully biodegradable and less toxic compared to traditional options. This suggests that AITC can be interpreted as a safer alternative to cypermethrin in the context of pest management.",allylisothiocyanate (AITC),
Susceptibility of the spider Theridion impressum to 17 pesticides,10.1046/j.1439-0280.2002.02016.x,2002,cypermethrin,"The abstract compares the toxicity of cypermethrin and other pesticides to the spider Theridion impressum. It states that broad-spectrum insecticides including cypermethrin are toxic, while selective insecticides such as pirimicarb and Bacillus thuringiensis are harmless. It recommends three selective insecticides for use in plant protection, implying they are safer alternatives to cypermethrin.",pirimicarb; Bacillus thuringiensis,toxicity to spiders
"Efficacy of Some Synthetic and Biopesticides Against Pod Borer, Helicoverpa armigera (Hubner) in Chickpea",10.4038/TARE.V10I0.1874,2010,cypermethrin,"The abstract compares cypermethrin with HNPV and neem-based insecticides, highlighting that HNPV showed equally good efficacy and higher yield, and concludes that HNPV is the best tool considering efficacy, profitability, and environment friendliness. This implies HNPV is a safer alternative to cypermethrin due to its environmental friendliness.",HNPV,
Evaluation of Entomopathogenic Fungi against Peregrinus Maidis (Ashmead),10.55446/ije.2022.523,2022,cypermethrin,"The abstract indicates that the Raichur strain of Lecanicillium lecani is effective in reducing the shoot bug population and has superior plant growth parameters compared to cypermethrin, while also conserving beneficial insect populations. This suggests that Lecanicillium lecani is a safer alternative to cypermethrin due to its reduced impact on non-target organisms.",Lecanicillium lecani,reduction in beneficial insects (spiders and coccinellids)
